conversation_id_str,created_at,favorite_count,full_text,id_str,image_url,in_reply_to_screen_name,lang,location,quote_count,reply_count,retweet_count,tweet_url,user_id_str,username,clean_text,sentiment,confidence
1941815315769561106,Sun Jul 06 11:03:43 +0000 2025,74,Wow!! King of aura Farming Pacu Jalur #reels #aurafarming #viral https://t.co/9oe1aW3Dkc,1941815315769561106,https://pbs.twimg.com/ext_tw_video_thumb/1941815192817455105/pu/img/W1K1VOQnUXFg20VI.jpg,,in,,1,2,6,https://x.com/undefined/status/1941815315769561106,584439432,,wow king of aura farming pacu jalur,positive,0.9975505471229553
1942739092640522488,Wed Jul 09 00:14:28 +0000 2025,32,Gubernur Riau Abdul Wahid mengangkat Rayyan Arkan Dikha anak penari Pacu Jalur Kuantan Singingi (Kuansing) yang terkenal dengan aura farming jadi Duta Pariwisata Riau. Abdul Wahid mengatakan penghargaan ini diberikan karena Rayyan telah mempromosikan Pacu Jalur ke dunia. https://t.co/7UtmPxKtdH,1942739092640522488,https://pbs.twimg.com/media/GvX-4k8XoAAVYOB.jpg,,in,,2,1,4,https://x.com/undefined/status/1942739092640522488,180696019,,gubernur riau abdul wahid mengangkat rayyan arkan dikha anak penari pacu jalur kuantan singingi kuansing yang terkenal dengan aura farming jadi duta pariwisata riau abdul wahid mengatakan penghargaan ini diberikan karena rayyan telah mempromosikan pacu jalur ke dunia,neutral,0.873770534992218
1944397671084748921,Sun Jul 13 14:05:04 +0000 2025,3823,ITS VEDA PRATAMA MASTERCLASS IN SACHSENRING. INDONESIA RAYA BERKUMANDANG LAGI DI RED BULL ROOKIES CUP!üáÆüá© SELEBRASI PACU JALUR DIBAWA SENDIRI OLEH ORANG INDONESIA ASLI COYY https://t.co/NHKGQwkx1K,1944397671084748921,https://pbs.twimg.com/amplify_video_thumb/1944397332113772544/img/CzVwjGZdlZjMzx5B.jpg,,in,,116,50,1091,https://x.com/undefined/status/1944397671084748921,1268958732794261505,,its veda pratama masterclass in sachsenring indonesia raya berkumandang lagi di red bull rookies cup selebrasi pacu jalur dibawa sendiri oleh orang indonesia asli coyy,neutral,0.8973140716552734
1690947496552636416,Mon Aug 14 04:44:34 +0000 2023,391, trend pacu jalur udah sampe thailand https://t.co/l1fCRlSQKr,1690947496552636416,https://pbs.twimg.com/media/F3dzyQ0bUAAbeIL.jpg,,in,,4,16,16,https://x.com/undefined/status/1690947496552636416,1371650588,,trend pacu jalur udah sampe thailand,neutral,0.9740168452262878
1940650640557977754,Thu Jul 03 05:55:42 +0000 2025,2830,Lihat video kyk gini sliweran di akun-akun luar. Orang-orang penasaran dan pada makin tau Pacu Jalur nemu banyak banget yang menarik dari olahraga ini. Ini harusnya jadi salah satu tugas Kementrian Kebudayaan: Promosi Kebudaayan. Bukannya malah sibuk whitewashing sejarah.,1940650640557977754,,,in,,24,24,1440,https://x.com/undefined/status/1940650640557977754,1457701454,,lihat video kyk gini sliweran di akunakun luar orangorang penasaran dan pada makin tau pacu jalur nemu banyak banget yang menarik dari olahraga ini ini harusnya jadi salah satu tugas kementrian kebudayaan promosi kebudaayan bukannya malah sibuk whitewashing sejarah,positive,0.955913782119751
1940989328483930327,Fri Jul 04 04:21:32 +0000 2025,817,Gaya anak-anak pendayung Pacu Jalur asal Riau sukses mencuri perhatian dunia. Gerakan mereka yang penuh percaya diri kini viral sebagai tren Aura Farming di TikTok bahkan ditiru klub-klub sepak bola dunia. Lewat media sosial tradisi yang diwariskan turun-temurun dari https://t.co/Ng6d9B0WUV,1940989328483930327,https://pbs.twimg.com/amplify_video_thumb/1940988890501791744/img/6xxFoXXYn7CRydbf.jpg,,in,,22,22,201,https://x.com/undefined/status/1940989328483930327,23343960,,gaya anakanak pendayung pacu jalur asal riau sukses mencuri perhatian dunia gerakan mereka yang penuh percaya diri kini viral sebagai tren aura farming di tiktok bahkan ditiru klubklub sepak bola dunia lewat media sosial tradisi yang diwariskan turuntemurun dari,positive,0.9824100732803345
1944377567831867849,Sun Jul 13 12:45:11 +0000 2025,1603,AKHIRNYA SANG RAJA TELAH KEMBALI KE SINGGAHSANA MILIKNYA DI SACHSENRING! Marc Marquez berhasil raih kemenangan yang jadi tradisi tahunannya setelah berhasil mendominasi jalannya race. Dan ditutup dengan selebrasi pacu jalur Sachsen-KING for a reason #MotoGP #GermanGP https://t.co/YfbStzZsWc,1944377567831867849,https://pbs.twimg.com/media/GvvRF_DWMAA-XCR.jpg,,in,,53,71,302,https://x.com/undefined/status/1944377567831867849,1268958732794261505,,akhirnya sang raja telah kembali ke singgahsana miliknya di sachsenring marc marquez berhasil raih kemenangan yang jadi tradisi tahunannya setelah berhasil mendominasi jalannya race dan ditutup dengan selebrasi pacu jalur sachsenking for a reason,positive,0.6266375780105591
1944380726922633640,Sun Jul 13 12:57:44 +0000 2025,2077,Aura Farming Pacu Jalur tembus MotoGP https://t.co/f1kaHRhI8i,1944380726922633640,https://pbs.twimg.com/amplify_video_thumb/1944377542988722176/img/b7peTmHhbJn6Cz7V.jpg,,in,,31,30,331,https://x.com/undefined/status/1944380726922633640,1292806214955307010,,aura farming pacu jalur tembus motogp,positive,0.9722152948379517
1942166584061264010,Mon Jul 07 10:19:32 +0000 2025,2488,Wakil Presiden Gibran Rakabuming Raka membuat konten menari seperti penari Pacu Jalur. Video itu diunggah di akun Instagram-nya. Siapa sangka dari tepian Kuantan Singingi semangat Pacu Jalur bisa mengalir hingga ke jagat digital dunia tulis Gibran. Menurutnya viralnya https://t.co/H7Hn1rzqkd,1942166584061264010,https://pbs.twimg.com/amplify_video_thumb/1942166281068720128/img/hI7h6tVSkPqSWkRR.jpg,,in,,6565,3074,479,https://x.com/undefined/status/1942166584061264010,23343960,,wakil presiden gibran rakabuming raka membuat konten menari seperti penari pacu jalur video itu diunggah di akun instagramnya siapa sangka dari tepian kuantan singingi semangat pacu jalur bisa mengalir hingga ke jagat digital dunia tulis gibran menurutnya viralnya,neutral,0.9844704866409302
1942419669349994731,Tue Jul 08 03:05:12 +0000 2025,5203, Sebal banget dengan viralnya pacu jalur riau ini harusnya jadi momentum yg bagus buat pemerintah mengenalkan budaya Indonesia ke kancah internasional. Ini orang malah cuma ikutan joget viral yg gua yakin dia ga tau maknanya apa are we deadass? https://t.co/d2WLiwrZ6R,1942419669349994731,https://pbs.twimg.com/media/GvTcZSfXoAAVgm_.jpg,,in,,100,245,368,https://x.com/undefined/status/1942419669349994731,1371650588,,sebal banget dengan viralnya pacu jalur riau ini harusnya jadi momentum yg bagus buat pemerintah mengenalkan budaya indonesia ke kancah internasional ini orang malah cuma ikutan joget viral yg gua yakin dia ga tau maknanya apa are we deadass,negative,0.9967118501663208
1942555241997795458,Tue Jul 08 12:03:55 +0000 2025,101, Salah satu tren paling menarik tahun ini datang dari Indonesia: Pacu Jalur Aura Farming. Anak-anak berdiri gagah di ujung perahu bergaya seperti pemimpin upacara penuh ekspresi &amp; percaya diri. Tanpa dialog. Tanpa efek berlebihan. Tapi justru itulah yang bikin dunia https://t.co/gaOsaQLvb9,1942555241997795458,https://pbs.twimg.com/media/GvVXsR8aIAApxmk.jpg,,in,,2,9,13,https://x.com/undefined/status/1942555241997795458,1300484934449000448,,salah satu tren paling menarik tahun ini datang dari indonesia pacu jalur aura farming anakanak berdiri gagah di ujung perahu bergaya seperti pemimpin upacara penuh ekspresi amp percaya diri tanpa dialog tanpa efek berlebihan tapi justru itulah yang bikin dunia,positive,0.9966778755187988
1944382476258103337,Sun Jul 13 13:04:41 +0000 2025,1201,Selebrasi aura farming pacu jalur dari Marc Marquez usai memenangkan MotoGP #GermanGP üá©üá™ Sang adik Alex Marquez finish di urutan ke-2 https://t.co/6Tc20hTXzp,1944382476258103337,https://pbs.twimg.com/amplify_video_thumb/1944377542988722176/img/b7peTmHhbJn6Cz7V.jpg,,in,,7,12,196,https://x.com/undefined/status/1944382476258103337,1316071146,,selebrasi aura farming pacu jalur dari marc marquez usai memenangkan motogp sang adik alex marquez finish di urutan ke,neutral,0.9978838562965393
1941852707175964874,Sun Jul 06 13:32:17 +0000 2025,6,Pacu jalur si pembalap Callum IlottÔ∏ègo internasional https://t.co/xnIpWPfvfT,1941852707175964874,https://pbs.twimg.com/media/GvLX6FWbcAEZOC2.png,,in,,0,0,0,https://x.com/undefined/status/1941852707175964874,3797534720,,pacu jalur si pembalap callum ilottgo internasional,neutral,0.9976961016654968
1942934052891472154,Wed Jul 09 13:14:08 +0000 2025,4,Melainkan dimanfaatkan menjadi jejak baru yang membuat Pacu Jalur menjadi alasan orang datang berkali-kali ke Indonesia. https://t.co/PGe1N3MMmP,1942935303444160723,https://pbs.twimg.com/amplify_video_thumb/1942935210880020480/img/MmgeZRB0jW2h1nie.jpg,GNFI,in,,0,1,0,https://x.com/undefined/status/1942935303444160723,39677695,,melainkan dimanfaatkan menjadi jejak baru yang membuat pacu jalur menjadi alasan orang datang berkalikali ke indonesia,positive,0.8266218304634094
1941399389152608599,Sat Jul 05 07:31:45 +0000 2025,30,Pacu Jalur merupakan balapan perahu tradisional yang menjadi salah satu warisan budaya Riau. https://t.co/U8CUeGr1qC,1941399586758852957,https://pbs.twimg.com/media/GvE8kbiWQAAVE-m.jpg,GNFI,in,,1,1,9,https://x.com/undefined/status/1941399586758852957,39677695,,pacu jalur merupakan balapan perahu tradisional yang menjadi salah satu warisan budaya riau,neutral,0.9241353869438171
1944381390998687783,Sun Jul 13 13:00:23 +0000 2025,552, Anjay keren banget gua aura farming pacu jalur #MotoGP #GermanGP https://t.co/bEimLAbHhn,1944381390998687783,https://pbs.twimg.com/media/GvvUc_FaUAA2SCI.jpg,,in,,5,8,48,https://x.com/undefined/status/1944381390998687783,1268958732794261505,,anjay keren banget gua aura farming pacu jalur,positive,0.9984830021858215
1944378732644389289,Sun Jul 13 12:49:49 +0000 2025,1638,Pacu jalur ga tuh https://t.co/H2FqTvkj5D,1944378732644389289,https://pbs.twimg.com/amplify_video_thumb/1944377542988722176/img/b7peTmHhbJn6Cz7V.jpg,,in,,8,20,171,https://x.com/undefined/status/1944378732644389289,863981324117327872,,pacu jalur ga tuh,negative,0.5815204381942749
1944401906950193559,Sun Jul 13 14:21:54 +0000 2025,10,Untung ga lupa selebrasi pacu jalur ya Bret VEDA PRATAMA AURA 999++++ https://t.co/CepJpwCq3J,1944401906950193559,https://pbs.twimg.com/amplify_video_thumb/1944401790658547713/img/c3MMwApsvDYDqFPj.jpg,,in,,1,0,2,https://x.com/undefined/status/1944401906950193559,2241786913,,untung ga lupa selebrasi pacu jalur ya bret veda pratama aura,neutral,0.8463162779808044
1942475404238811247,Tue Jul 08 06:46:40 +0000 2025,55,Klub bola sekelas Juventus pun tak mau ketinggalan dengan hype pacu jalur. Sumatra pride! Ô∏è https://t.co/qBIfw9EeJs,1942475404238811247,https://pbs.twimg.com/media/GvUPFdlaEAAw91k.jpg,,in,,0,2,10,https://x.com/undefined/status/1942475404238811247,86934018,,klub bola sekelas juventus pun tak mau ketinggalan dengan hype pacu jalur sumatra pride,neutral,0.729770839214325
1941399389152608599,Sat Jul 05 07:30:58 +0000 2025,556,Sempat viral beberapa waktu lalu pacu jalur berhasil mencuri perhatian! Coba kita kulik melalui utas berikut! https://t.co/BXNp8HsSgP,1941399389152608599,https://pbs.twimg.com/media/GvE8HHlaAAAVmjd.jpg,,in,,6,14,129,https://x.com/undefined/status/1941399389152608599,39677695,,sempat viral beberapa waktu lalu pacu jalur berhasil mencuri perhatian coba kita kulik melalui utas berikut,neutral,0.9451389312744141
1940744665948639331,Thu Jul 03 12:09:20 +0000 2025,641,MD akan garap mvs Pacu Jalur yang lagi viral! Kira-kira sutradara siapa yang cocok buat nanganin proyek ini? https://t.co/8PSFO7eoG0,1940744665948639331,https://pbs.twimg.com/media/Gu7o9HSbMAA5tSB.jpg,,in,,158,197,18,https://x.com/undefined/status/1940744665948639331,1399254648,,md akan garap mvs pacu jalur yang lagi viral kirakira sutradara siapa yang cocok buat nanganin proyek ini,neutral,0.707732081413269
1944261266471890952,Sun Jul 13 05:03:03 +0000 2025,18,Mau nonton pacu jalur https://t.co/to2wL9QVgM,1944261266471890952,https://pbs.twimg.com/media/GvtnUB0WMAAOzgE.jpg,,in,,0,4,0,https://x.com/undefined/status/1944261266471890952,817398024531951616,,mau nonton pacu jalur,neutral,0.9935988187789917
1942934052891472154,Wed Jul 09 13:10:21 +0000 2025,7,Telah terjaga selama ratusan tahun pacu Jalur menjadi warisan leluhur yang lahir dari tepian Sungai Kuantan Kabupaten Kuantan Singingi (Kuansing) Riau. https://t.co/IApCieJaoW,1942934347944014046,https://pbs.twimg.com/media/GvawdlKXcAAkJeA.jpg,GNFI,in,,0,3,0,https://x.com/undefined/status/1942934347944014046,39677695,,telah terjaga selama ratusan tahun pacu jalur menjadi warisan leluhur yang lahir dari tepian sungai kuantan kabupaten kuantan singingi kuansing riau,positive,0.9422746896743774
1944381233116414041,Sun Jul 13 12:59:45 +0000 2025,488,Admin sedang menonton selebrasi pacu jalur #MotoGP #GermanGP https://t.co/ceNBz9e90b,1944381233116414041,https://pbs.twimg.com/media/GvvUbWVWkAAqnfc.jpg,,in,,2,4,31,https://x.com/undefined/status/1944381233116414041,1268958732794261505,,admin sedang menonton selebrasi pacu jalur,neutral,0.9990410208702087
1941326459567735002,Sat Jul 05 02:41:10 +0000 2025,2605,Pacu Jalur dari Kuantan Singingi Riau mendunia &amp; seneng akhirnya ada hal bagus yang viral buat Indonesia https://t.co/yWvvoLQfz2,1941326459567735002,https://pbs.twimg.com/ext_tw_video_thumb/1941326377925369856/pu/img/t3oNgZeZUim4-JWI.jpg,,in,,40,59,495,https://x.com/undefined/status/1941326459567735002,10114952,,pacu jalur dari kuantan singingi riau mendunia amp seneng akhirnya ada hal bagus yang viral buat indonesia,positive,0.998236894607544
1944378434055970881,Sun Jul 13 12:48:38 +0000 2025,1702,Selebrasi aura farming dari abang-abangan Sachsenring Akhirnya pacu jalur sudah masuk ke MotoGP üáÆüá© https://t.co/taJAHuupcI,1944378434055970881,https://pbs.twimg.com/amplify_video_thumb/1944377542988722176/img/b7peTmHhbJn6Cz7V.jpg,,in,,43,22,396,https://x.com/undefined/status/1944378434055970881,1268958732794261505,,selebrasi aura farming dari abangabangan sachsenring akhirnya pacu jalur sudah masuk ke motogp,neutral,0.9824774861335754
1944414311897821188,Sun Jul 13 15:11:12 +0000 2025,55,Kenriz mode ga kelebihan baterai ga moshing dan ga pacu jalur https://t.co/Wl5hBfYLG6,1944414311897821188,https://pbs.twimg.com/ext_tw_video_thumb/1944413905109110784/pu/img/MTDWfyVnpA4CjHGj.jpg,,in,,0,0,12,https://x.com/undefined/status/1944414311897821188,1177401562898919424,,kenriz mode ga kelebihan baterai ga moshing dan ga pacu jalur,neutral,0.5937167406082153
1944484918266036520,Sun Jul 13 19:51:45 +0000 2025,13,Veda Ega Pratama kembali Podium 1 di Race 2 Roockies Cup Jerman 13 Juli 2025. Dan lakukan selebrasi ala Pacu Jalur https://t.co/qik9gtfqEK,1944484918266036520,https://pbs.twimg.com/ext_tw_video_thumb/1944484777677004800/pu/img/KhCt23C4_QlVPaDy.jpg,,in,,1,0,2,https://x.com/undefined/status/1944484918266036520,1038483432391634944,,veda ega pratama kembali podium di race roockies cup jerman juli dan lakukan selebrasi ala pacu jalur,neutral,0.9978716373443604
1943991817743348142,Sat Jul 12 11:12:21 +0000 2025,3,Breaking: tadi ke gym di jepang dan terpantau 3 orang dance aura farming pacu jalur https://t.co/D0CKHMLVzS,1943991817743348142,https://pbs.twimg.com/media/GvpyOy0XUAAFeCP.jpg,,in,,0,1,1,https://x.com/undefined/status/1943991817743348142,3287501,,breaking tadi ke gym di jepang dan terpantau orang dance aura farming pacu jalur,neutral,0.9983419179916382
1941399389152608599,Sat Jul 05 07:33:12 +0000 2025,37,Pacu jalur sendiri memiliki komposisi tim loh Kawan @GNFI! https://t.co/yW6PnUJlct,1941399949880795322,https://pbs.twimg.com/media/GvE8yBYagAEZukm.jpg,GNFI,in,,1,1,9,https://x.com/undefined/status/1941399949880795322,39677695,,pacu jalur sendiri memiliki komposisi tim loh kawan,neutral,0.9974780678749084
1944621230650474810,Mon Jul 14 04:53:25 +0000 2025,14,Gasss pacu jalur GP https://t.co/jmLpGeFG08,1944621230650474810,https://pbs.twimg.com/ext_tw_video_thumb/1944621196500234240/pu/img/HcXuuAiphC0vcXCr.jpg,,in,,0,1,4,https://x.com/undefined/status/1944621230650474810,3797534720,,gasss pacu jalur gp,neutral,0.9949171543121338
1944542888265924922,Sun Jul 13 23:42:42 +0000 2025,49,Pacu jalur mendunia MM93 https://t.co/jXOAwRhktl,1944543035859361921,https://pbs.twimg.com/amplify_video_thumb/1944542973934350336/img/BQKDb_Sha4DzV1E-.jpg,jackcfrost,in,,0,1,9,https://x.com/undefined/status/1944543035859361921,3309857863,,pacu jalur mendunia mm,positive,0.9749587178230286
1944716437702275133,Mon Jul 14 11:11:44 +0000 2025,78,dibalik tiktok pacu jalur jasuke [jaykehoon] twotweet au https://t.co/TwLHR4DcV1,1944716437702275133,https://pbs.twimg.com/media/Gv0FSeXbIAEY02d.jpg,,in,,1,1,14,https://x.com/undefined/status/1944716437702275133,1630055840073003010,,dibalik tiktok pacu jalur jasuke jaykehoon twotweet au,neutral,0.998583197593689
1944235214622113840,Sun Jul 13 03:19:31 +0000 2025,650,Pacu jalur udah masuk WSBK coyyy. Dalam kemenangannya di race 1 kemarin Toprak melakukan selebrasi aura farming di atas motornya saat melewati garis finish. WSBK udah MotoGP kapan nyusul nih? https://t.co/XZ3jA9qTei,1944235214622113840,https://pbs.twimg.com/amplify_video_thumb/1944043276509589504/img/W_PoJI2AFIIcjQy5.jpg,,in,,6,11,75,https://x.com/undefined/status/1944235214622113840,1268958732794261505,,pacu jalur udah masuk wsbk coyyy dalam kemenangannya di race kemarin toprak melakukan selebrasi aura farming di atas motornya saat melewati garis finish wsbk udah motogp kapan nyusul nih,neutral,0.642524778842926
1942931748985151704,Wed Jul 09 13:00:01 +0000 2025,65,Sore tadi saya menerima audiensi dari Rayyan Arkan Dikha sang penari Pacu Jalur dari Kabupaten Kuantan Singingi (Kuansing) yang belakangan mencuri perhatian generasi muda lewat tren aura farming yang viral . Turut mendampingi Bupati Dr H Suhardiman Amby MM dan Kadisbudpar https://t.co/bgtuO9BWU2,1942931748985151704,https://pbs.twimg.com/media/GvauHt0XwAA9gEB.jpg,,in,,1,2,28,https://x.com/undefined/status/1942931748985151704,79139422,,sore tadi saya menerima audiensi dari rayyan arkan dikha sang penari pacu jalur dari kabupaten kuantan singingi kuansing yang belakangan mencuri perhatian generasi muda lewat tren aura farming yang viral turut mendampingi bupati dr h suhardiman amby mm dan kadisbudpar,neutral,0.9915875792503357
1941822428755513751,Sun Jul 06 11:31:58 +0000 2025,3,Anjir??? Ini pacu jalur wong taluak kenapa tetiba mendunia???? https://t.co/F00UQF8SzK,1941822428755513751,https://pbs.twimg.com/ext_tw_video_thumb/1941822407754264576/pu/img/zZdOV2MIGGIqTkt1.jpg,,in,,1,3,0,https://x.com/undefined/status/1941822428755513751,1867521106036555776,,anjir ini pacu jalur wong taluak kenapa tetiba mendunia,negative,0.9889140725135803
1943991542487953421,Sat Jul 12 11:11:16 +0000 2025,2,nonton pacu jalur .. https://t.co/ZQtr0r4dSe,1943991542487953421,https://pbs.twimg.com/media/GvpyADPbsAA4SH6.jpg,,in,,0,0,0,https://x.com/undefined/status/1943991542487953421,1245324646322298881,,nonton pacu jalur,neutral,0.9093709588050842
1940684075532013788,Thu Jul 03 08:08:34 +0000 2025,195,Tarian bocah Pacu Jalur viral di media sosial. Fenomena ini sempat membuat klub sepak bola Eropa Paris Saint-Germain (PSG) dan AC Milan ikut-ikutan melakukan gerakan ala bocah pacu jalur di Riau. https://t.co/YqNRuqsTKL,1940684075532013788,https://pbs.twimg.com/ext_tw_video_thumb/1940684044947083264/pu/img/CRSoCL6dhtyqhLK8.jpg,,in,,2,8,37,https://x.com/undefined/status/1940684075532013788,4379131152,,tarian bocah pacu jalur viral di media sosial fenomena ini sempat membuat klub sepak bola eropa paris saintgermain psg dan ac milan ikutikutan melakukan gerakan ala bocah pacu jalur di riau,neutral,0.9899919629096985
1944705565160337876,Mon Jul 14 10:28:32 +0000 2025,10,Menyala trend pacu jalur https://t.co/Hi51wGESF7,1944705565160337876,https://pbs.twimg.com/ext_tw_video_thumb/1944705542359785472/pu/img/kCODP0D3pvGW7Qn3.jpg,,in,,0,0,0,https://x.com/undefined/status/1944705565160337876,127074730,,menyala trend pacu jalur,neutral,0.9898967742919922
1944403962163257403,Sun Jul 13 14:30:04 +0000 2025,23,Rayyan Tampil di Tengah Hujan Aksi Pacu Jalur Meriahkan Final Piala Presiden 2025 #BolacomID #blcmlmd #PialaPresiden2025 #PacuJalur #Rayyan https://t.co/DHmAX1NvpI,1944403962163257403,https://pbs.twimg.com/amplify_video_thumb/1944403377145929729/img/uYJ9T1884YgJshnd.jpg,,in,,1,1,2,https://x.com/undefined/status/1944403962163257403,1486284086,,rayyan tampil di tengah hujan aksi pacu jalur meriahkan final piala presiden,neutral,0.9989389777183533
1940317067963453550,Wed Jul 02 07:50:13 +0000 2025,45, pacu jalur go internasional tariannya si bocil baju hitam sampe dijadiin trend sama orang luar negeri https://t.co/yiFGBXhoQ7,1940317067963453550,https://pbs.twimg.com/media/Gu1kFzOWAAAjsmC.jpg,,in,,2,5,5,https://x.com/undefined/status/1940317067963453550,1331650559518990336,,pacu jalur go internasional tariannya si bocil baju hitam sampe dijadiin trend sama orang luar negeri,neutral,0.516808032989502
1940939079610519950,Fri Jul 04 01:01:52 +0000 2025,55,Kalau yang begini perlu dilestarikan ga Genk ... Nama Pacu Jalur akhir-akhir ini jadi sorotan netizen tidak hanya Indonesia tapi juga mancanegara. Lantaran tradisi Pacu Jalur ini diparodikan banyak bule usai anak Pacu Jalur yang sempat virar beberapa tahun lalu disebut https://t.co/kLQpFzbxfS,1940939079610519950,https://pbs.twimg.com/ext_tw_video_thumb/1940939028410650626/pu/img/zTMomBvKf-ISL4HQ.jpg,,in,,0,23,11,https://x.com/undefined/status/1940939079610519950,1282751327588585473,,kalau yang begini perlu dilestarikan ga genk nama pacu jalur akhirakhir ini jadi sorotan netizen tidak hanya indonesia tapi juga mancanegara lantaran tradisi pacu jalur ini diparodikan banyak bule usai anak pacu jalur yang sempat virar beberapa tahun lalu disebut,positive,0.5857844948768616
1941257249126842414,Fri Jul 04 22:06:09 +0000 2025,7936,IndyCar duluan yang pakai konten pacu jalur https://t.co/nIsBLbuf6m,1941257249126842414,https://pbs.twimg.com/ext_tw_video_thumb/1941257189718454272/pu/img/nIPP8blI_VcsbJQp.jpg,,in,,88,41,919,https://x.com/undefined/status/1941257249126842414,1019746932833468416,,indycar duluan yang pakai konten pacu jalur,neutral,0.9984562397003174
1943321715674869952,Fri Jul 11 08:37:24 +0000 2025,2014,@sociotalker Okelah kasih beasiswa tp yg dapet cuma 1 anak itu. Knp pemerintah ga kepikiran mempercantik venue lomba pacu jalur? Bikin tribun kecil penataan kawasan sungainya dll. Potensi ekonominya bakal berkali2 lipat! Itulah riding the wave yg dibutuhkan. Bkn sekedar seremonial joget2 https://t.co/24yb1CMK9w,1943590436289032621,https://pbs.twimg.com/media/GvkD0afWgAADw5K.jpg,sociotalker,in,,24,48,301,https://x.com/undefined/status/1943590436289032621,1145638263220125696,,okelah kasih beasiswa tp yg dapet cuma anak itu knp pemerintah ga kepikiran mempercantik venue lomba pacu jalur bikin tribun kecil penataan kawasan sungainya dll potensi ekonominya bakal berkali lipat itulah riding the wave yg dibutuhkan bkn sekedar seremonial joget,positive,0.9609201550483704
1944680533654397218,Mon Jul 14 16:49:41 +0000 2025,5,@iam_smx @World_Insights1 Pacu Jalur children's dance vs Grok 4 https://t.co/oGAKTvnL7c,1944801485763829950,https://pbs.twimg.com/media/Gv1So8Pa4AEZCAO.jpg,iam_smx,in,,0,0,0,https://x.com/undefined/status/1944801485763829950,387021225,,pacu jalur childrens dance vs grok,neutral,0.9985290765762329
1941399389152608599,Sat Jul 05 07:35:22 +0000 2025,36,Dalam pembuatannya pun pacu jalur bisa mencapai 40 meter dan menelan rata-rata Rp100 juta per unit. https://t.co/kxPD6VB4ii,1941400495639363792,https://pbs.twimg.com/media/GvE9BhyXoAAtJxg.jpg,GNFI,in,,0,5,5,https://x.com/undefined/status/1941400495639363792,39677695,,dalam pembuatannya pun pacu jalur bisa mencapai meter dan menelan ratarata rp juta per unit,neutral,0.9902385473251343
1944942411362525255,Tue Jul 15 02:09:40 +0000 2025,7,WKWKKWW PACU JALUR NYAMPE DI SI NATTAWIN https://t.co/MRqLrb8XqP,1944942411362525255,https://pbs.twimg.com/amplify_video_thumb/1944924794668900352/img/_wzEVSLqRDnvlg9e.jpg,,in,,1,0,3,https://x.com/undefined/status/1944942411362525255,1511914067157745667,,wkwkkww pacu jalur nyampe di si nattawin,neutral,0.5351587533950806
1942500283705176430,Tue Jul 08 08:25:32 +0000 2025,3,Jagat maya heboh setelah warganet Malaysia diduga mengklaim tradisi pacu jalur. Kadispar Riau Roni Rakhmat menegaskan pacu jalur adalah warisan budaya asli dari Kuantan Singingi Riau. Ia menyebut klaim itu mungkin muncul karena kedekatan budaya namun sejarah menunjukkan https://t.co/WDQD4l2MOd,1942500283705176430,https://pbs.twimg.com/media/GvUlbj-WcAAw0FA.jpg,,in,,2,3,3,https://x.com/undefined/status/1942500283705176430,47596019,,jagat maya heboh setelah warganet malaysia diduga mengklaim tradisi pacu jalur kadispar riau roni rakhmat menegaskan pacu jalur adalah warisan budaya asli dari kuantan singingi riau ia menyebut klaim itu mungkin muncul karena kedekatan budaya namun sejarah menunjukkan,neutral,0.9933835864067078
1942095339147997344,Mon Jul 07 05:36:25 +0000 2025,3460,Tradisi Pacu Jalur dari Kuantan Singingi (Kuansing) Riau kembali ramai di media sosial bahkan hingga ke luar negeri. Fenomena ini memicu klaim keliru dari sejumlah warganet yang menyebut tradisi tersebut berasal dari Malaysia. Kepala Dinas Pariwisata Riau Roni Rakhmat https://t.co/QA43G9pAXX,1942095339147997344,https://pbs.twimg.com/media/GvO1aarWEAAMn4_.jpg,,in,,50,327,291,https://x.com/undefined/status/1942095339147997344,1172167188800655360,,tradisi pacu jalur dari kuantan singingi kuansing riau kembali ramai di media sosial bahkan hingga ke luar negeri fenomena ini memicu klaim keliru dari sejumlah warganet yang menyebut tradisi tersebut berasal dari malaysia kepala dinas pariwisata riau roni rakhmat,neutral,0.9644936323165894
1941289277981388832,Sat Jul 05 00:13:25 +0000 2025,1401,Import konten pacu jalur aura farming sudah masuk ke IndyCar https://t.co/DS7iAmbF7Y,1941289277981388832,https://pbs.twimg.com/amplify_video_thumb/1941233534330372096/img/q-STannqEmXxoaEV.jpg,,in,,16,15,185,https://x.com/undefined/status/1941289277981388832,1268958732794261505,,import konten pacu jalur aura farming sudah masuk ke indycar,neutral,0.9989970326423645
1942934052891472154,Wed Jul 09 13:13:00 +0000 2025,2,Pacu Jalur bukan hanya satu festival yang kebetulan viral saja lalu kemudian dilupakan. https://t.co/dC4KvBY8pl,1942935017619091938,https://pbs.twimg.com/media/Gvawiu9XAAATKA6.png,GNFI,in,,0,1,0,https://x.com/undefined/status/1942935017619091938,39677695,,pacu jalur bukan hanya satu festival yang kebetulan viral saja lalu kemudian dilupakan,neutral,0.9140073657035828
1944673244310540392,Mon Jul 14 08:20:06 +0000 2025,17,Pacu Jalur Pacu Amarah https://t.co/OEeyxtQkx0,1944673244310540392,https://pbs.twimg.com/amplify_video_thumb/1944671776606126080/img/hcop46NWpbfrP9cF.jpg,,in,,0,0,1,https://x.com/undefined/status/1944673244310540392,1372049891174752259,,pacu jalur pacu amarah,negative,0.7879497408866882
1941391751882866807,Sat Jul 05 07:00:37 +0000 2025,1389,Bocil Pacu Jalur https://t.co/PaHSW3UINb,1941391751882866807,https://pbs.twimg.com/amplify_video_thumb/1941391718412320769/img/vSfZlHwr2DSqhd2W.jpg,,in,,8,5,232,https://x.com/undefined/status/1941391751882866807,1493012581484986372,,bocil pacu jalur,negative,0.965573251247406
1942934052891472154,Wed Jul 09 13:15:19 +0000 2025,30,Tidak boleh menunggu lagi ini saatnya Pacu Jalur masuk bucket list traveler-traveler dunia. https://t.co/azBdDJ8jGt,1942935600732278873,https://pbs.twimg.com/amplify_video_thumb/1942935488353951744/img/XZJY8UsKhgf3WaLm.jpg,GNFI,in,,0,3,3,https://x.com/undefined/status/1942935600732278873,39677695,,tidak boleh menunggu lagi ini saatnya pacu jalur masuk bucket list travelertraveler dunia,positive,0.8407770395278931
1941386027303829786,Sat Jul 05 06:37:52 +0000 2025,24,Momen saat Diego Luna merayakan gol bagi timnas Amerika Serikat di semifinal Piala Emas CONCACAF dengan selebrasi menari ala pacu jalur. Nambah lagi aja nih komoditas ekspor Indonesia. https://t.co/gmFJTQrwhK,1941386027303829786,https://pbs.twimg.com/ext_tw_video_thumb/1941385450460946432/pu/img/NudkrAI64Ss1Z3Eg.jpg,,in,,0,1,3,https://x.com/undefined/status/1941386027303829786,1339234809713868801,,momen saat diego luna merayakan gol bagi timnas amerika serikat di semifinal piala emas concacaf dengan selebrasi menari ala pacu jalur nambah lagi aja nih komoditas ekspor indonesia,neutral,0.9166988134384155
1941048297290158175,Sat Jul 05 08:27:28 +0000 2025,6,Jadwal Pacu Jalur 2025... https://t.co/Jj2euTsluT,1941413606513647789,https://pbs.twimg.com/media/GvFJYvqaAAUJuB_.jpg,ferizandra,in,,0,0,4,https://x.com/undefined/status/1941413606513647789,80559922,,jadwal pacu jalur,neutral,0.9960065484046936
1944414756770857059,Sun Jul 13 15:12:58 +0000 2025,46,Selebrasi ala Pacu Jalur di arena Moto GP https://t.co/2CFmmajAHZ,1944414756770857059,https://pbs.twimg.com/amplify_video_thumb/1944377542988722176/img/b7peTmHhbJn6Cz7V.jpg,,in,,2,4,16,https://x.com/undefined/status/1944414756770857059,108235896,,selebrasi ala pacu jalur di arena moto gp,neutral,0.9968293309211731
1942521680532017605,Tue Jul 08 09:50:33 +0000 2025,9,Lomba balapan perahu Pacu Jalur /pa-chu/ /jha-lugh/ atau /jha-lur/ diadakan di Kota Jalur Kuantan Singingi Riau di setiap tahun sekali dari bulan Juli hingga Agustus menyambut hari Kemerdekaan Indonesia. Lomba balapan ini menggunakan perahu yang dibuat dari kayu Kulim banio https://t.co/pNcgZfSThd,1942521680532017605,https://pbs.twimg.com/ext_tw_video_thumb/1942521594007465984/pu/img/9ZhrIDYxf-g0amML.jpg,,in,,1,1,0,https://x.com/undefined/status/1942521680532017605,1084986231593754624,,lomba balapan perahu pacu jalur pachu jhalugh atau jhalur diadakan di kota jalur kuantan singingi riau di setiap tahun sekali dari bulan juli hingga agustus menyambut hari kemerdekaan indonesia lomba balapan ini menggunakan perahu yang dibuat dari kayu kulim banio,positive,0.6173321008682251
1944469073095463342,Sun Jul 13 18:48:48 +0000 2025,13,Menangi MotoGP Jerman Marc Marquez lakukan selebrasi Pacu Jalur https://t.co/kbbaNoNVTn,1944469073095463342,https://pbs.twimg.com/ext_tw_video_thumb/1944469022180884480/pu/img/3ckh50gVUbugAomd.jpg,,in,,0,0,4,https://x.com/undefined/status/1944469073095463342,1729354223614304256,,menangi motogp jerman marc marquez lakukan selebrasi pacu jalur,neutral,0.9975777268409729
1079403005932462081,Sun Dec 30 15:45:05 +0000 2018,12,[INFOGRAFIS] Pacu Jalur Olahraga Asli Indonesia Pacu jalur merupakan olahraga mendayung perahu menyisiri Sungai Batang Kuantan yang pada masanya memang menjadi jalur utama pelayaran masyarakat di daerah Kuantan Singingi Riau. #InfografisGNFI https://t.co/TFhduGAUU7,1079403005932462081,https://pbs.twimg.com/media/DvrPUAzWoAAmekt.jpg,,in,,4,0,8,https://x.com/undefined/status/1079403005932462081,39677695,,infografis pacu jalur olahraga asli indonesia pacu jalur merupakan olahraga mendayung perahu menyisiri sungai batang kuantan yang pada masanya memang menjadi jalur utama pelayaran masyarakat di daerah kuantan singingi riau,neutral,0.9695520401000977
1942560216588906884,Tue Jul 08 12:23:41 +0000 2025,883,Bocil Pacu Jalur Farming Aura di Yogyakarta https://t.co/xPBRocHA2w,1942560216588906884,https://pbs.twimg.com/ext_tw_video_thumb/1942560165481570304/pu/img/ld79DmrrTlPZKF6Y.jpg,,in,,7,4,166,https://x.com/undefined/status/1942560216588906884,1493012581484986372,,bocil pacu jalur farming aura di yogyakarta,neutral,0.9988099336624146
1944562515301806494,Mon Jul 14 01:00:06 +0000 2025,95,Selebrasi Pacu Jalur dari anak bangsa asli yang beneran jago üáÆüá©,1944562515301806494,,,in,,0,0,19,https://x.com/undefined/status/1944562515301806494,1285938375346675712,,selebrasi pacu jalur dari anak bangsa asli yang beneran jago,neutral,0.4427413046360016
1942131725691437312,Mon Jul 07 08:01:01 +0000 2025,820,Pacu Jalur asal Kuantan Singingi Riau ini bener-bener mendunia. Saatnya dijadikan ajang Internasional https://t.co/Q0kKPoMd1G,1942131725691437312,https://pbs.twimg.com/ext_tw_video_thumb/1942131669567492096/pu/img/8kdp5WF_qbTfIGOu.jpg,,in,,3,21,196,https://x.com/undefined/status/1942131725691437312,1729354223614304256,,pacu jalur asal kuantan singingi riau ini benerbener mendunia saatnya dijadikan ajang internasional,positive,0.9898069500923157
1944464869660704843,Sun Jul 13 18:32:05 +0000 2025,17,Cantik suka om3k https://t.co/WN96QT3PTz https://t.co/YTIzRXW3sd https://t.co/qZ6gZTZOh3 Minggu malam besok senin Pak Rizali pacu jalur tidur sore hadirrrr tim prilly pagii pagiii https://t.co/9whsSklzyU,1944464869660704843,https://pbs.twimg.com/media/GvwgfhsWAAAYpeW.jpg,,in,,0,12,5,https://x.com/undefined/status/1944464869660704843,754605733547741184,,cantik suka omk minggu malam besok senin pak rizali pacu jalur tidur sore hadirrrr tim prilly pagii pagiii,neutral,0.9588136672973633
1942515412404691020,Tue Jul 08 09:25:39 +0000 2025,234,Pemerintah Provinsi Riau mengangkat Rayyan Arkan Dikha sebagai duta pariwisata Riau. Rayyan dinilai berhasil mempromosikan tradisi Pacu Jalur hingga dikenal dunia internasional. Bocah berusia 11 tahun tersebut mendadak viral karena aksi nyentriknya menari di atas perahu dalam https://t.co/2RUj3G9jBU,1942515412404691020,https://pbs.twimg.com/amplify_video_thumb/1942515283257876484/img/aQgwkjkPYrLCf_FW.jpg,,in,,3,12,61,https://x.com/undefined/status/1942515412404691020,57261519,,pemerintah provinsi riau mengangkat rayyan arkan dikha sebagai duta pariwisata riau rayyan dinilai berhasil mempromosikan tradisi pacu jalur hingga dikenal dunia internasional bocah berusia tahun tersebut mendadak viral karena aksi nyentriknya menari di atas perahu dalam,neutral,0.9939042925834656
1944410599003402639,Sun Jul 13 14:56:26 +0000 2025,8,Pacu Jalur merupakan perlombaan perahu tradisional Indonesia yang berasal dari Kuantan Singingi Riau. Perahu Jalur terbuat dari kayu pohon utuh dan memiliki panjang 25-40 meter serta dapat menampung 45-60 pendayung. Pacu Jalur diusulkan sebagai Warisan Budaya Takbenda UNESCO. https://t.co/qcIce71HQF,1944410599003402639,https://pbs.twimg.com/media/GvvvIVAaUAAzu-X.jpg,,in,,0,7,8,https://x.com/undefined/status/1944410599003402639,1324133456012435457,,pacu jalur merupakan perlombaan perahu tradisional indonesia yang berasal dari kuantan singingi riau perahu jalur terbuat dari kayu pohon utuh dan memiliki panjang meter serta dapat menampung pendayung pacu jalur diusulkan sebagai warisan budaya takbenda unesco,positive,0.5466414093971252
1944398072898793554,Sun Jul 13 14:11:41 +0000 2025,71,Tarian Pacu Jalur dulu https://t.co/0NenkSsVDM,1944399336856531032,https://pbs.twimg.com/ext_tw_video_thumb/1944399305756061696/pu/img/KN-jai958Noxfl43.jpg,idn_abroad,in,,0,1,5,https://x.com/undefined/status/1944399336856531032,1495747302358917126,,tarian pacu jalur dulu,neutral,0.5147518515586853
1944048156897161438,Sat Jul 12 14:56:13 +0000 2025,4,Bikin video animasi Pacu Jalur susah banget. Blm nemu cara spy bisa bikin tarian bocah Aura Farming yg pas. https://t.co/tuZHVbnIcB,1944048156897161438,https://pbs.twimg.com/amplify_video_thumb/1944047969512095744/img/Wb8WDesVKNo9rygh.jpg,,in,,0,0,1,https://x.com/undefined/status/1944048156897161438,1702052671988154368,,bikin video animasi pacu jalur susah banget blm nemu cara spy bisa bikin tarian bocah aura farming yg pas,positive,0.7782032489776611
1944668992272290016,Mon Jul 14 08:03:12 +0000 2025,9,siapa sangka anak-anak ini tau trend pacu jalur https://t.co/jjXIbefFzZ,1944668992272290016,https://pbs.twimg.com/ext_tw_video_thumb/1944668935468531713/pu/img/-eZbFVVUO7cTUntk.jpg,,in,,0,0,0,https://x.com/undefined/status/1944668992272290016,215162965,,siapa sangka anakanak ini tau trend pacu jalur,positive,0.8269970417022705
1944437582126817733,Sun Jul 13 16:43:40 +0000 2025,120,Minggu pemprov kaltim tim prilly ready besok senin pak rizali sheila dara pacu jalur hadirrr timothy https://t.co/jcAkb1aIY3 https://t.co/qxczRAIT8h,1944437582126817733,https://pbs.twimg.com/media/GvwHrIlbcAAefNn.jpg,,in,,0,33,78,https://x.com/undefined/status/1944437582126817733,294964916,,minggu pemprov kaltim tim prilly ready besok senin pak rizali sheila dara pacu jalur hadirrr timothy,neutral,0.9987925291061401
1944664418916405447,Mon Jul 14 07:45:02 +0000 2025,11,GW TANYA SIAPA YG NGAJARIN TREND PACU JALUR KE RIIZE HEHHH!!! NGAKUU #Aurafarming https://t.co/7ooxYG1lCo,1944664418916405447,https://pbs.twimg.com/ext_tw_video_thumb/1944664376310407168/pu/img/JF4ahlzpusV8PzIJ.jpg,,in,,1,0,2,https://x.com/undefined/status/1944664418916405447,547325559,,gw tanya siapa yg ngajarin trend pacu jalur ke riize hehhh ngakuu,neutral,0.8085787296295166
1942034075839016989,Mon Jul 07 01:32:59 +0000 2025,11,Rayyan Arkhan Dhikka. Ia anak sungai. Sejak kecil hidup dg air kayu &amp; semangat komunitas. Ayahnya mantan jago Pacu Jalur kakaknya juga Togak Luan. Ini bukan trend ini takdir. Gen Aura Nusantara. Rayyan bikin kita bangga jd orang Indonesia tanpa harus aneka gimmick di Eropa https://t.co/37dPhwdK4J,1942034075839016989,https://pbs.twimg.com/ext_tw_video_thumb/1942034048664420352/pu/img/CAQyRhhduXibbfwG.jpg,,in,,0,1,4,https://x.com/undefined/status/1942034075839016989,1603630713932169221,,rayyan arkhan dhikka ia anak sungai sejak kecil hidup dg air kayu amp semangat komunitas ayahnya mantan jago pacu jalur kakaknya juga togak luan ini bukan trend ini takdir gen aura nusantara rayyan bikin kita bangga jd orang indonesia tanpa harus aneka gimmick di eropa,positive,0.9697954058647156
1944580945874423964,Mon Jul 14 02:13:20 +0000 2025,15,DIKA pencipta tarian PACU JALUR Kalau MULYONO pencipta apa dong? https://t.co/OnUWgsxgxK,1944580945874423964,https://pbs.twimg.com/media/GvyKD1BXEAAEHvd.jpg,,in,,0,8,1,https://x.com/undefined/status/1944580945874423964,1462301251199143936,,dika pencipta tarian pacu jalur kalau mulyono pencipta apa dong,neutral,0.9933131337165833
1941910669433205050,Sun Jul 06 17:22:37 +0000 2025,23,Wakil Presiden Indonesia @gibran_tweet memposting Pacu Jalur. Bukti bahwa tren aura farming semakin viral dan mendunia #boatkid https://t.co/ejFFo7TNVu,1941910669433205050,https://pbs.twimg.com/ext_tw_video_thumb/1941910634515271680/pu/img/qKMYlhA_8G4tLlbv.jpg,,in,,4,1,6,https://x.com/undefined/status/1941910669433205050,1050930733,,wakil presiden indonesia memposting pacu jalur bukti bahwa tren aura farming semakin viral dan mendunia,neutral,0.9966865181922913
1944676845535789261,Mon Jul 14 08:34:24 +0000 2025,20,CT pertama yang pake pp pacu jalur dan nickname emote perahu sejak pacu jalur 1M Mari kita ramaikan koin yang berasal dari indonesia üáÆüá© #BoatKid #PacuJalur #AuraFarming https://t.co/ULRE8SJ7yF,1944676845535789261,https://pbs.twimg.com/media/GvzhR-qa0AAxZVG.jpg,,in,,0,5,0,https://x.com/undefined/status/1944676845535789261,1737695023901368320,,ct pertama yang pake pp pacu jalur dan nickname emote perahu sejak pacu jalur m mari kita ramaikan koin yang berasal dari indonesia,neutral,0.608478844165802
1944705057657614839,Mon Jul 14 10:26:31 +0000 2025,171,Tarian Pacu Jalur tampil di Champs-√âlys√©es Paris dalam latihan parade jelang Bastille Day. Letkol Inf Eka Wira Dharmawan alias King Sparko memimpin prajurit TNI dan tentara Perancis menari bersama. Aksi ini jadi bagian dari kerja sama militer sekaligus bentuk apresiasi budaya https://t.co/ZNgzBmrPUB,1944705057657614839,https://pbs.twimg.com/amplify_video_thumb/1944703082023075840/img/tPGxyC-qx-Yl3rx0.jpg,,in,,7,5,26,https://x.com/undefined/status/1944705057657614839,23343960,,tarian pacu jalur tampil di champs√©lys√©es paris dalam latihan parade jelang bastille day letkol inf eka wira dharmawan alias king sparko memimpin prajurit tni dan tentara perancis menari bersama aksi ini jadi bagian dari kerja sama militer sekaligus bentuk apresiasi budaya,neutral,0.9778934717178345
1944018656054125037,Sat Jul 12 12:59:00 +0000 2025,5,Rayyan Arkan Dhika Bocah Pacu Jalur yang viral di media sosial dinobatkan menjadi duta pariwisata Provinsi Riau. https://t.co/bt1vmTieqg,1944018656054125037,https://pbs.twimg.com/media/GvqEp8zWsAAT4RQ.jpg,,in,,0,0,2,https://x.com/undefined/status/1944018656054125037,786549338818224128,,rayyan arkan dhika bocah pacu jalur yang viral di media sosial dinobatkan menjadi duta pariwisata provinsi riau,neutral,0.9985559582710266
1944362833782931930,Sun Jul 13 11:46:38 +0000 2025,17,Atlet Pekan Olahraga Nasional (PON) asal Riau kecewa dengan tindakan Gubernur Riau Abdul Wahid yang memberikan bantuan biaya pendidikan sebesar Rp 20 juta kepada Rayyan Arkan Dikha (11) bocah viral aura farming Pacu Jalur asal Kuantan Singingi (Kuansing) Riau. Seperti https://t.co/bsjPv1ZiYZ,1944362833782931930,https://pbs.twimg.com/ext_tw_video_thumb/1944362808860184576/pu/img/wo41zMlmTHNfivMV.jpg,,in,,1,0,1,https://x.com/undefined/status/1944362833782931930,1604860300573802497,,atlet pekan olahraga nasional pon asal riau kecewa dengan tindakan gubernur riau abdul wahid yang memberikan bantuan biaya pendidikan sebesar rp juta kepada rayyan arkan dikha bocah viral aura farming pacu jalur asal kuantan singingi kuansing riau seperti,neutral,0.5947738885879517
1943564790984556885,Fri Jul 11 06:55:30 +0000 2025,5,Festival Pacu Jalur di Kuantan Singingi Riau akan semakin meriah pada tahun 2025. Pasalnya penyanyi asal Amerika Serikat Melly Mike dijadwalkan hadir untuk memeriahkan festival budaya tersebut. Kehadirannya tentu menjadi daya tarik tersendiri bagi festival yang telah menjadi https://t.co/543DkYzN3Q,1943564790984556885,https://pbs.twimg.com/media/GvjtmGyWgAAIwey.jpg,,in,,0,0,1,https://x.com/undefined/status/1943564790984556885,47596019,,festival pacu jalur di kuantan singingi riau akan semakin meriah pada tahun pasalnya penyanyi asal amerika serikat melly mike dijadwalkan hadir untuk memeriahkan festival budaya tersebut kehadirannya tentu menjadi daya tarik tersendiri bagi festival yang telah menjadi,positive,0.7957594394683838
1941732888161964328,Sun Jul 06 05:36:10 +0000 2025,126,Setelah viral sampai ke luar negeri aksi bocah penari Pacu Jalur Riau yg disebut juga Tren Aura Farming kini muncul sejumlah klaim sepihak yang menyebutkan bahwa tradisi lomba dayung sampan fenomenal itu itu berasal dari Malaysia Thailand Vietnam hingga Filipina. Klaim https://t.co/qduWn0GP2J,1941732888161964328,https://pbs.twimg.com/ext_tw_video_thumb/1941732803197988864/pu/img/iPVeXEpJms52HBAk.jpg,,in,,0,2,3,https://x.com/undefined/status/1941732888161964328,1357226411832954880,,setelah viral sampai ke luar negeri aksi bocah penari pacu jalur riau yg disebut juga tren aura farming kini muncul sejumlah klaim sepihak yang menyebutkan bahwa tradisi lomba dayung sampan fenomenal itu itu berasal dari malaysia thailand vietnam hingga filipina klaim,neutral,0.8533919453620911
1944758785698119815,Mon Jul 14 14:00:01 +0000 2025,8,Menteri Kebudayaan Fadli Zon memberikan beasiswa Rp 20 juta kepada Rayyan Arkan Dikha anak coki dalam perlombaan Pacu Jalur di Kabupaten Kuantan Singingi Riau pada 9 Juli 2025. Selengkapnya: https://t.co/Fg1IytF7ba #tempodotco https://t.co/86LSx5sn80,1944758785698119815,https://pbs.twimg.com/amplify_video_thumb/1944628173116985344/img/2QWbycZUWO3Y-Vzm.jpg,,in,,0,2,4,https://x.com/undefined/status/1944758785698119815,18129942,,menteri kebudayaan fadli zon memberikan beasiswa rp juta kepada rayyan arkan dikha anak coki dalam perlombaan pacu jalur di kabupaten kuantan singingi riau pada juli selengkapnya,neutral,0.9989224672317505
1944677018190168183,Mon Jul 14 08:35:06 +0000 2025,818,ENHYPEN JOIN TREND SOUND INDONESIA 1. ALL MEMB : abang jago sorry bang jago ampun bang jago 2. SUNGHOON JAKE : velocity 3. SUNOO : dengan goyang goyang pinggulnya ling eling eling ling get lost get lost 4. JUNGWON : tung tung sahur 5. 02z : pacu jalur https://t.co/Hl6g7hxMSW,1944677018190168183,https://pbs.twimg.com/amplify_video_thumb/1944676917816516609/img/QTf0M4LsyVckrTLQ.jpg,,in,,19,9,332,https://x.com/undefined/status/1944677018190168183,1468490365866938369,,enhypen join trend sound indonesia all memb abang jago sorry bang jago ampun bang jago sunghoon jake velocity sunoo dengan goyang goyang pinggulnya ling eling eling ling get lost get lost jungwon tung tung sahur z pacu jalur,positive,0.988678514957428
1943501415265243414,Fri Jul 11 02:43:40 +0000 2025,10,Siapa yang kemarin nungguin hasil ngobrol seru di kemenpar.ri soal Festival Pacu Jalur? Yuk intip kompilasi videonya bersama: Ô∏èMenteri Pariwisata (widi.wardhana) Ô∏èWakil Menteri Pariwisata (niluhpuspa) Ô∏èPenari Pacu Jalur viral dari Kuansing (rayyanarkandikha) https://t.co/HMPzfPax06,1943501415265243414,https://pbs.twimg.com/amplify_video_thumb/1943500766070640640/img/8rKD9I3JjcNaZbGP.jpg,,in,,3,3,4,https://x.com/undefined/status/1943501415265243414,3259539990,,siapa yang kemarin nungguin hasil ngobrol seru di kemenparri soal festival pacu jalur yuk intip kompilasi videonya bersama menteri pariwisata widiwardhana wakil menteri pariwisata niluhpuspa penari pacu jalur viral dari kuansing rayyanarkandikha,neutral,0.9983236193656921
1942613550863651071,Tue Jul 08 15:55:37 +0000 2025,2,Baru viral dikit netizen Malaysia langsung klaim Pacu Jalur budaya mereka. Padahal tradisi ini udah eksis di Kuantan Singingi sejak abad ke-17 dan diakui resmi sebagai Warisan Budaya Tak Benda Indonesia sejak 2014. Budaya itu dijaga bukan dicomot! https://t.co/H8f2BrLsFl,1942613550863651071,https://pbs.twimg.com/media/GvWMG3baYAQ0vwZ.jpg,,in,,0,4,0,https://x.com/undefined/status/1942613550863651071,1466673559829311488,,baru viral dikit netizen malaysia langsung klaim pacu jalur budaya mereka padahal tradisi ini udah eksis di kuantan singingi sejak abad ke dan diakui resmi sebagai warisan budaya tak benda indonesia sejak budaya itu dijaga bukan dicomot,positive,0.9251684546470642
1944645834295193710,Mon Jul 14 06:31:11 +0000 2025,48,Marc M√°rquez ngga cuma juara tapi juga bawa budaya! üáÆüá© Selebrasi aura farming -nya di Sachsenring jadi momen paling ikonik di MotoGP tahun ini. Dari Pacu Jalur Riau ke podium tertinggi The King is back with full energy! https://t.co/EhLtnq7Rpa,1944645834295193710,https://pbs.twimg.com/amplify_video_thumb/1944645768524218368/img/OYRUoRva0btsiVxe.jpg,,in,,1,46,1,https://x.com/undefined/status/1944645834295193710,1634769303311646720,,marc m√°rquez ngga cuma juara tapi juga bawa budaya selebrasi aura farming nya di sachsenring jadi momen paling ikonik di motogp tahun ini dari pacu jalur riau ke podium tertinggi the king is back with full energy,positive,0.9904176592826843
1943913212279501074,Sat Jul 12 06:00:00 +0000 2025,422,Rayyan Arkan Dikha disebut kelelahan setelah viral berkat aksi aura farming saat Pacu Jalur. Sang ibu Rani Ridawati menyebut Dikha sampai menangis karena kelelahan setelah diundang ke berbagai acara. &gt;&gt; https://t.co/9khXpdigIZ https://t.co/gRMzRlHBgd,1943913212279501074,https://pbs.twimg.com/amplify_video_thumb/1943882298673295360/img/P5oVopfnVYC6wSaq.jpg,,in,,101,73,120,https://x.com/undefined/status/1943913212279501074,69183155,,rayyan arkan dikha disebut kelelahan setelah viral berkat aksi aura farming saat pacu jalur sang ibu rani ridawati menyebut dikha sampai menangis karena kelelahan setelah diundang ke berbagai acara gtgt,neutral,0.9841581583023071
1942146424726229251,Mon Jul 07 08:59:25 +0000 2025,20,Tren Aura Farming gerakan tari energik yang terinspirasi dari aksi anak-anak Riau saat lomba Pacu Jalur mendadak viral dan mendunia. Video seorang bocah menari di atas perahu sambil diiringi lagu Young Black &amp; Rich menjadi pemicu tren ini di media sosial sejak awal Juli 2025. https://t.co/ysnRUycUyU,1942146424726229251,https://pbs.twimg.com/amplify_video_thumb/1942145634120921088/img/6o9XzKo5ljHo-MzN.jpg,,in,,0,0,5,https://x.com/undefined/status/1942146424726229251,46693036,,tren aura farming gerakan tari energik yang terinspirasi dari aksi anakanak riau saat lomba pacu jalur mendadak viral dan mendunia video seorang bocah menari di atas perahu sambil diiringi lagu young black amp rich menjadi pemicu tren ini di media sosial sejak awal juli,neutral,0.8491147756576538
1944714347885768898,Mon Jul 14 11:03:41 +0000 2025,2,Pacu Jalur bukan cuma milik Kuantan. Ia bisa jadi simbol baru Indonesia: Komunal enerjik unik. Asal dikelola serius bukan cuma viral lalu dilupakan. #pacujalur Dapatkan Ebook Gratis &amp; Seputar Marketing dan Bisnis hanya di Komunitas Consumeri https://t.co/aFlmadn2RQ https://t.co/6aN31WiXSo,1944714410976538685,https://pbs.twimg.com/media/Gv0DcjCX0AABjpX.jpg,consumeri_id,in,,0,0,0,https://x.com/undefined/status/1944714410976538685,2762631714,,pacu jalur bukan cuma milik kuantan ia bisa jadi simbol baru indonesia komunal enerjik unik asal dikelola serius bukan cuma viral lalu dilupakan dapatkan ebook gratis amp seputar marketing dan bisnis hanya di komunitas consumeri,positive,0.9935460686683655
1944381626072371369,Sun Jul 13 14:09:40 +0000 2025,51,@FearedBuck Rayyan Arkhan Dhikka. Ia anak sungai. Sejak kecil hidup dg air kayu &amp; semangat komunitas. Ayahnya mantan jago Pacu Jalur kakaknya juga Togak Luan. Ini bukan trend ini takdir. Gen Aura Nusantara. Rayyan bikin kita bangga jd orang Indonesia tanpa harus aneka gimmick di Eropa https://t.co/Iyew2PDghd,1944398829521949125,https://pbs.twimg.com/media/GvvkZq4W8AAM_f9.jpg,FearedBuck,in,,0,2,2,https://x.com/undefined/status/1944398829521949125,1434940861100527622,,rayyan arkhan dhikka ia anak sungai sejak kecil hidup dg air kayu amp semangat komunitas ayahnya mantan jago pacu jalur kakaknya juga togak luan ini bukan trend ini takdir gen aura nusantara rayyan bikin kita bangga jd orang indonesia tanpa harus aneka gimmick di eropa,positive,0.9697954058647156
1943597150035648962,Fri Jul 11 09:04:05 +0000 2025,10,i got smiski pacu jalur https://t.co/EgJSJhfQnv,1943597150035648962,https://pbs.twimg.com/media/GvkLTBZaoAAhJvl.jpg,,in,,1,0,0,https://x.com/undefined/status/1943597150035648962,1163409955459747840,,i got smiski pacu jalur,neutral,0.8276993036270142
1942444757105725671,Tue Jul 08 04:44:53 +0000 2025,34,benner guwe udeh jade ges. wdyt. yang bilang ai gw suru dance pacu jalur aura farming. https://t.co/OEUr01QQmO,1942444757105725671,https://pbs.twimg.com/media/GvTzM-aboAAFDR9.jpg,,in,,0,15,0,https://x.com/undefined/status/1942444757105725671,1910707069415747584,,benner guwe udeh jade ges wdyt yang bilang ai gw suru dance pacu jalur aura farming,neutral,0.47691187262535095
1943530721521401982,Fri Jul 11 04:40:07 +0000 2025,237,INI ORANG DEMEN BANGET PACU JALUR HERAN https://t.co/scz9TBIZJH,1943530721521401982,https://pbs.twimg.com/ext_tw_video_thumb/1943521352993923072/pu/img/20lM9eCCMcYtzEEd.jpg,,in,,3,0,48,https://x.com/undefined/status/1943530721521401982,1440586752578580494,,ini orang demen banget pacu jalur heran,positive,0.8759530186653137
1943887617235595546,Sat Jul 12 04:20:42 +0000 2025,5,Atlet-atlet kelas dunia pada tahun ini kembali membuat keviralan bocah pacu jalur kian membahana seiring lagu Young Black &amp; Rick dari Melly Mike yang mendunia. Berikut lima atlet top dunia yang mengikuti joget Rayyan tersebut. (1/2) https://t.co/BxBezn0fpG,1943888221261508855,https://pbs.twimg.com/ext_tw_video_thumb/1943887886236917760/pu/img/c6jtubdCvfwxh1g_.jpg,infoPKU,in,,0,1,2,https://x.com/undefined/status/1943888221261508855,168590064,,atletatlet kelas dunia pada tahun ini kembali membuat keviralan bocah pacu jalur kian membahana seiring lagu young black amp rick dari melly mike yang mendunia berikut lima atlet top dunia yang mengikuti joget rayyan tersebut,neutral,0.9731714129447937
1944724190147555376,Mon Jul 14 11:42:32 +0000 2025,699,gemini juga bisa pacu jalur https://t.co/dVAc3hthX5,1944724190147555376,https://pbs.twimg.com/amplify_video_thumb/1944724122602500096/img/CAthpL9oZ5hvBQuT.jpg,,in,,23,7,274,https://x.com/undefined/status/1944724190147555376,1631513377695727617,,gemini juga bisa pacu jalur,neutral,0.9973188042640686
1942590163894559005,Tue Jul 08 14:22:41 +0000 2025,10,TIBA¬≤ BGT PACU JALUR LU ALEK https://t.co/DaTYHlcTlG,1942590163894559005,https://pbs.twimg.com/amplify_video_thumb/1942578858659590144/img/gei68IOGVCDALCbw.jpg,,in,,0,8,1,https://x.com/undefined/status/1942590163894559005,1838536400876244993,,tiba¬≤ bgt pacu jalur lu alek,negative,0.9989129304885864
1942827438804983816,Wed Jul 09 06:34:02 +0000 2025,8,7. Kejelasan apakah pacu jalur sudah terdaftar UNESCO? Berdasarkan penjelasan menbud @fadlizon sudah dalam website https://t.co/uq8Io9Og81 pun tercatat di tahun 2015. Tapi di website resmi unesco https://t.co/ERIhvzV8G3 ga ada ditemukan yang namanya pacu jalur. https://t.co/7VEHXAup71,1942834613501718604,https://pbs.twimg.com/media/GvZVwftaYAAYcZH.jpg,mojadispiderman,in,,0,0,2,https://x.com/undefined/status/1942834613501718604,1829372425299165184,,kejelasan apakah pacu jalur sudah terdaftar unesco berdasarkan penjelasan menbud sudah dalam website pun tercatat di tahun tapi di website resmi unesco ga ada ditemukan yang namanya pacu jalur,negative,0.9776031374931335
1945014897831563455,Tue Jul 15 06:57:42 +0000 2025,8, Latah ngonten tidak pada tempatnya sih. https://t.co/goouaWD0Ub https://t.co/peI8WsYMwE,1945014897831563455,https://pbs.twimg.com/media/Gv4UvddWcAAN2m4.jpg,,in,,0,2,1,https://x.com/undefined/status/1945014897831563455,2650421658,,latah ngonten tidak pada tempatnya sih,negative,0.9991484880447388
1944680896931791104,Mon Jul 14 08:50:30 +0000 2025,463,sungjake join velocity engina : INI MAH KODE WTL KE INDO sunoo join trend get lost get lost engina : MAKIN YAKIN INI KONSER DI INDONESIA!!!! gataunya itu kode new album si LOOSE dan sekarang 02z join trend pacu jalur dan engina tetep optimis kode wtl itu mah https://t.co/pheQKpQ0rA,1944680896931791104,https://pbs.twimg.com/media/Gvzk9vOaQAAhouX.jpg,,in,,18,12,132,https://x.com/undefined/status/1944680896931791104,1468490365866938369,,sungjake join velocity engina ini mah kode wtl ke indo sunoo join trend get lost get lost engina makin yakin ini konser di indonesia gataunya itu kode new album si loose dan sekarang z join trend pacu jalur dan engina tetep optimis kode wtl itu mah,positive,0.9732427597045898
1944253464038821957,Sun Jul 13 04:32:02 +0000 2025,3,Bocah Pacu Jalur VIRAL MENDUNIA Dikasih penghargaan : halah nunggu viral dulu latah! Etc etc Kalo dicuekin : gada penghargaan sama sekali pemerintah budeg dunia aja menghargainya https://t.co/N0xhfGZJNN,1944253464038821957,https://pbs.twimg.com/tweet_video_thumb/GvtgN3BWcAIqX0g.jpg,,in,,0,1,0,https://x.com/undefined/status/1944253464038821957,1717067783165620224,,bocah pacu jalur viral mendunia dikasih penghargaan halah nunggu viral dulu latah etc etc kalo dicuekin gada penghargaan sama sekali pemerintah budeg dunia aja menghargainya,negative,0.9989443421363831
1942173630823272494,Mon Jul 07 10:47:32 +0000 2025,40,Indonesia dikenal dunia dari keindahan alam sejarah &amp; budaya yg beragam. Tapi ada kalanya secara tdk terduga alam seolah menunjukkan ke dunia ada cerita kebiasaan yg menarik &amp; populer di negeri ini. Pacu Jalur Masy Riau menjadi trending dunia. Terima kasih orang-orang hebat https://t.co/Q6cv1L8zlC,1942173630823272494,https://pbs.twimg.com/ext_tw_video_thumb/1942173154643697664/pu/img/Cz2AtsBEs-A_4dPz.jpg,,in,,1,1,7,https://x.com/undefined/status/1942173630823272494,1696076720053587968,,indonesia dikenal dunia dari keindahan alam sejarah amp budaya yg beragam tapi ada kalanya secara tdk terduga alam seolah menunjukkan ke dunia ada cerita kebiasaan yg menarik amp populer di negeri ini pacu jalur masy riau menjadi trending dunia terima kasih orangorang hebat,positive,0.9979666471481323
1944645538449887494,Mon Jul 14 06:30:00 +0000 2025,6,Marc Marquez ikut meramaikan tren selebrasi aura farming ala pacu jalur usai menang di MotoGP Jerman. Aksi ini terekam dalam video yang diunggah di akun resminya dan MotoGP. &gt;&gt; https://t.co/kAoImXgMNz https://t.co/J2pDyk6kBv,1944645538449887494,https://pbs.twimg.com/media/Gvy1qtxWUAAKvY6.jpg,,in,,0,1,2,https://x.com/undefined/status/1944645538449887494,69183155,,marc marquez ikut meramaikan tren selebrasi aura farming ala pacu jalur usai menang di motogp jerman aksi ini terekam dalam video yang diunggah di akun resminya dan motogp gtgt,neutral,0.9978540539741516
1944342791867556058,Sun Jul 13 10:27:00 +0000 2025,5,Bocah 11 Tahun 'Aura Farming' dari Riau Videonya Viral di Dunia Tarian Pacu Jalur Jadi Tren Global Rayyan Arkhan Dikha bocah 11 tahun asal Riau mendunia setelah videonya menari di atas perahu pacu viral di media sosial. Dikenal dengan sebutan petani aura ulung Dika https://t.co/YzKEAjpbXR,1944342791867556058,https://pbs.twimg.com/amplify_video_thumb/1944263475271761920/img/EwT6glqma5l74n2P.jpg,,in,,1,0,0,https://x.com/undefined/status/1944342791867556058,124171593,,bocah tahun aura farming dari riau videonya viral di dunia tarian pacu jalur jadi tren global rayyan arkhan dikha bocah tahun asal riau mendunia setelah videonya menari di atas perahu pacu viral di media sosial dikenal dengan sebutan petani aura ulung dika,neutral,0.9455705285072327
1943890533715415208,Sat Jul 12 04:29:53 +0000 2025,7,Penyanyi Amerika Serikat Melly Mike siap terbang ke Riau utk menghadiri Festival Pacu Jalur 2025 digelar pd 20-24 Agustus 2025 di Kab Kuantan Singingi Riau Ia merasa tersanjung atas viralnya lagunya yg berjudul 'Young Black and Rich' di yg viral seluruh dunia dikonten Pacu Jalur https://t.co/EtDn1ycmYx,1943890533715415208,https://pbs.twimg.com/ext_tw_video_thumb/1943890404526690304/pu/img/GN89T8Owx487BPIl.jpg,,in,,0,0,1,https://x.com/undefined/status/1943890533715415208,1722218525522300928,,penyanyi amerika serikat melly mike siap terbang ke riau utk menghadiri festival pacu jalur digelar pd agustus di kab kuantan singingi riau ia merasa tersanjung atas viralnya lagunya yg berjudul young black and rich di yg viral seluruh dunia dikonten pacu jalur,positive,0.9009723663330078
1942443399107559746,Tue Jul 08 04:39:29 +0000 2025,1070,Pacu jalur yang sudah keren dan mendunia itu hrs dijaga dengan elegan dan bermartabat jangan sampai dinodai oleh postingan pejabat negara yang norak. Iya gak bro @gibran_tweet ? https://t.co/c4xD9W06La,1942443399107559746,https://pbs.twimg.com/amplify_video_thumb/1942443291510988801/img/7MaWANXp7DSxMRmX.jpg,,in,,6,39,306,https://x.com/undefined/status/1942443399107559746,1068371293290946561,,pacu jalur yang sudah keren dan mendunia itu hrs dijaga dengan elegan dan bermartabat jangan sampai dinodai oleh postingan pejabat negara yang norak iya gak bro,positive,0.8075110912322998
1942451479324836347,Tue Jul 08 05:11:36 +0000 2025,140,Netizen Malaysia: Pacu Jalur merupakan tradisi yang mencerminkan semangat kolektif kehormatan kampung serta nilai spiritual dan sosial yang mengakar kuat dalam kehidupan masyarakat dan itu merupakan milik negara kami. Komentar Netizen +62 dipersilahkan https://t.co/1pLvEwiA5y,1942451479324836347,https://pbs.twimg.com/ext_tw_video_thumb/1942451026088583168/pu/img/79Bty38gAXG1aIKS.jpg,,in,,4,39,32,https://x.com/undefined/status/1942451479324836347,1251824880967774208,,netizen malaysia pacu jalur merupakan tradisi yang mencerminkan semangat kolektif kehormatan kampung serta nilai spiritual dan sosial yang mengakar kuat dalam kehidupan masyarakat dan itu merupakan milik negara kami komentar netizen dipersilahkan,neutral,0.7193899154663086
1943807158770168240,Fri Jul 11 22:58:35 +0000 2025,147,Sehubungan akan adanya Festifal Pacu Jalur bulan Agustus mendatang pasti jauh lebih rame 4-5 kali lipat jlh penontonnya krn lagi booming di dunia maka pemda Riau dan Pusat agar: Perbaiki fasilitas jalan hotel dll di area festifal. *Gibran jgn jadikan sbg pencitraan diri ya? https://t.co/2YRqPj1K2c,1943807158770168240,https://pbs.twimg.com/ext_tw_video_thumb/1943807101140185089/pu/img/Q821FEKDsFOUlfRK.jpg,,in,,0,7,39,https://x.com/undefined/status/1943807158770168240,1038483432391634944,,sehubungan akan adanya festifal pacu jalur bulan agustus mendatang pasti jauh lebih rame kali lipat jlh penontonnya krn lagi booming di dunia maka pemda riau dan pusat agar perbaiki fasilitas jalan hotel dll di area festifal gibran jgn jadikan sbg pencitraan diri ya,positive,0.9177480340003967
1034561263727202305,Tue Aug 28 22:00:01 +0000 2018,3,29/8-1/9/18 Festival Pacu Jalur di Kabupaten Kuantan Singingi #Riau | (0761) 40356 #100WonderfulEvent2018 https://t.co/6meEA2zk28,1034561263727202305,https://pbs.twimg.com/media/DXFDgpFVoAEguTy.jpg,,in,,0,0,1,https://x.com/undefined/status/1034561263727202305,128175561,,festival pacu jalur di kabupaten kuantan singingi,neutral,0.9844163060188293
1941907838517063942,Sun Jul 06 17:11:22 +0000 2025,3,pacu jalur vibes #AuraFarming https://t.co/btyrSEPm6D,1941907838517063942,https://pbs.twimg.com/media/GvMKQ18aoAAH3ab.jpg,,in,,0,0,0,https://x.com/undefined/status/1941907838517063942,1845048076211453955,,pacu jalur vibes,positive,0.988739013671875
1942222121159278933,Mon Jul 07 14:00:13 +0000 2025,49,Pacu Jalur Kuasing Tradisi balap perahu yg viral. Yg menggoda @acmilan &amp; @PSG_English https://t.co/VoqlHFBe8e,1942222121159278933,https://pbs.twimg.com/ext_tw_video_thumb/1942222056013053953/pu/img/0wBPc21xtUkac9If.jpg,,in,,1,10,13,https://x.com/undefined/status/1942222121159278933,929287558281830400,,pacu jalur kuasing tradisi balap perahu yg viral yg menggoda amp,neutral,0.9964170455932617
1941054562720272826,Fri Jul 04 08:40:45 +0000 2025,418,Rayyan Arkan Dikha bocah 10 tahun asal Kuansing Riau viral berkat tarian khasnya saat Festival Pacu Jalur. Aksi lincahnya di atas perahu memikat publik bahkan ditiru oleh pemain PSG dan Neymar. #newsupdate #update #news #videonews #bicarafaktalewatberita #kumparan https://t.co/qGbcArqODQ,1941054562720272826,https://pbs.twimg.com/ext_tw_video_thumb/1941054385674412034/pu/img/-XdDf4iTFRZFKqkS.jpg,,in,,11,5,97,https://x.com/undefined/status/1941054562720272826,759692754985242625,,rayyan arkan dikha bocah tahun asal kuansing riau viral berkat tarian khasnya saat festival pacu jalur aksi lincahnya di atas perahu memikat publik bahkan ditiru oleh pemain psg dan neymar,neutral,0.691943347454071
1944678892926824862,Mon Jul 14 08:42:33 +0000 2025,3,Trend Pacu Jalur udah sampe ENHYPEN anjaaay Indonesia niih boos https://t.co/b9ZFLKNfuw,1944678892926824862,https://pbs.twimg.com/amplify_video_thumb/1944669139618119680/img/XZsk5c5XltwNqYe0.jpg,,in,,1,1,0,https://x.com/undefined/status/1944678892926824862,1153621906605531136,,trend pacu jalur udah sampe enhypen anjaaay indonesia niih boos,positive,0.5738778114318848
1941454755991257475,Sat Jul 05 13:22:05 +0000 2025,4,@kosekibijou LET'S GO PACU JALUR! https://t.co/IH78LMy05P,1941487749976248626,https://pbs.twimg.com/tweet_video_thumb/GvGM0AkXcAAQneS.jpg,kosekibijou,in,,0,0,0,https://x.com/undefined/status/1941487749976248626,1756092917599584256,,lets go pacu jalur,neutral,0.9652459621429443
1942888092396069226,Wed Jul 09 10:06:32 +0000 2025,93,Rayyan Arkan Dikha bocah penari Pacu Jalur dari Kuantan Singingi (Kuansing) resmi diangkat sebagai Duta Pariwisata Riau dan mendapat beasiswa pendidikan sebesar Rp 20 juta. Pengangkatan Rayyan sebagai duta pariwisata Riau dilakukan setelah apel di halaman kantor Gubernur Riau https://t.co/maO5RlBNn4,1942888092396069226,https://pbs.twimg.com/amplify_video_thumb/1942887574055346176/img/ryXKAq2DyZmHGoNL.jpg,,in,,5,5,22,https://x.com/undefined/status/1942888092396069226,39677695,,rayyan arkan dikha bocah penari pacu jalur dari kuantan singingi kuansing resmi diangkat sebagai duta pariwisata riau dan mendapat beasiswa pendidikan sebesar rp juta pengangkatan rayyan sebagai duta pariwisata riau dilakukan setelah apel di halaman kantor gubernur riau,neutral,0.9984292387962341
1944320804000497737,Sun Jul 13 08:59:38 +0000 2025,121,lebih 200 km buat nonton pacu jalur festival di kuansing jalan nya juga bikin mabuk darat mlungker-mlungker jalan lurus cuma bonus tapi kalo ada rejeki pengen nonton langsung bocah aura farming .. https://t.co/3PWHVFFTbk,1944320804000497737,https://pbs.twimg.com/ext_tw_video_thumb/1944320734727380992/pu/img/kccPdtlAE0yKPtBj.jpg,,in,,1,26,28,https://x.com/undefined/status/1944320804000497737,1219890224936783874,,lebih km buat nonton pacu jalur festival di kuansing jalan nya juga bikin mabuk darat mlungkermlungker jalan lurus cuma bonus tapi kalo ada rejeki pengen nonton langsung bocah aura farming,positive,0.9973886609077454
1943304822914273535,Thu Jul 10 13:42:29 +0000 2025,93,Rayyan Arkan Dikha sang penari Pacu Jalur dari Kabupaten Kuantan Singingi (Kuansing) yang belakangan mencuri perhatian generasi muda lewat tren aura farming yang viral. https://t.co/RyINZFl1oG,1943304822914273535,https://pbs.twimg.com/amplify_video_thumb/1943304587223375872/img/y00wbsuPR3-dOu--.jpg,,in,,3,6,25,https://x.com/undefined/status/1943304822914273535,79139422,,rayyan arkan dikha sang penari pacu jalur dari kabupaten kuantan singingi kuansing yang belakangan mencuri perhatian generasi muda lewat tren aura farming yang viral,neutral,0.9771562814712524
1944553554808807607,Mon Jul 14 00:24:30 +0000 2025,5,Marc Marquez Selebrasi ala Bocah Pacu Jalur Usai Menangi MotoGP Jerman Baca di: https://t.co/SBZ03nnSP7 https://t.co/VoEejWnHnB,1944553554808807607,https://pbs.twimg.com/media/GvxxFFhbsAAHmBA.jpg,,in,,0,2,3,https://x.com/undefined/status/1944553554808807607,23343960,,marc marquez selebrasi ala bocah pacu jalur usai menangi motogp jerman baca di,neutral,0.998580813407898
1941830684504703447,Sun Jul 06 12:04:47 +0000 2025,12,Aksi anak Taluk Kuantan Kab. Kuansing Prov. Riau menyala hingga dunia. Pacu jalur hebat... https://t.co/fUgQZn86Iz,1941830684504703447,https://pbs.twimg.com/ext_tw_video_thumb/1941830605005545472/pu/img/mD8fawAzLsDgNIpO.jpg,,in,,0,1,4,https://x.com/undefined/status/1941830684504703447,106480334,,aksi anak taluk kuantan kab kuansing prov riau menyala hingga dunia pacu jalur hebat,neutral,0.5637768507003784
1944011452962288033,Sat Jul 12 12:30:23 +0000 2025,5,NCT WISH PACU JALUR TREND https://t.co/yRF5CMZZqs,1944011452962288033,https://pbs.twimg.com/amplify_video_thumb/1944011390878208000/img/9jR9TKPYZTka2w41.jpg,,in,,0,3,0,https://x.com/undefined/status/1944011452962288033,1575012974548619264,,nct wish pacu jalur trend,neutral,0.8199169635772705
1941509301195112835,Sat Jul 05 14:47:43 +0000 2025,3,Viral Pacu Jalur : cecepjiaa #Viral #America #indonesia https://t.co/Oytesf553w,1941509301195112835,https://pbs.twimg.com/amplify_video_thumb/1941509196668940288/img/SpIKws7HPRr3kXKi.jpg,,in,,0,4,1,https://x.com/undefined/status/1941509301195112835,1912885357718454272,,viral pacu jalur cecepjiaa,neutral,0.9948899745941162
1943248847121322241,Thu Jul 10 10:00:03 +0000 2025,8,LAYAK SIH INI Menteri Kebudayaan (Menbud) Fadli Zon memberikan beasiswa kepada Rayyan Arkan Dhika setelah aksi tarinya saat Pacu Jalur viral. Fadli Zon beri Dhika uang tunai sebesar Rp 20 juta. #MenteriKebudayaan #Menbud #PacuJalurViral #FadliZon #RayyanArkanDikha https://t.co/K7pzCqzgpm,1943248847121322241,https://pbs.twimg.com/amplify_video_thumb/1943202565300056064/img/n6xUS24CTbNXONjg.jpg,,in,,4,0,3,https://x.com/undefined/status/1943248847121322241,1613441633735020545,,layak sih ini menteri kebudayaan menbud fadli zon memberikan beasiswa kepada rayyan arkan dhika setelah aksi tarinya saat pacu jalur viral fadli zon beri dhika uang tunai sebesar rp juta,neutral,0.9968767166137695
1942584489668141487,Tue Jul 08 14:00:08 +0000 2025,7,Mendunia... Bukan korupsi apalagi occrp atau intoleran... Tapi Pacu jalur Ô∏è https://t.co/qOO399g6qq,1942584489668141487,https://pbs.twimg.com/amplify_video_thumb/1942584209169883136/img/8uh0iN8MQW_uSN0Y.jpg,,in,,0,0,2,https://x.com/undefined/status/1942584489668141487,997945964378796032,,mendunia bukan korupsi apalagi occrp atau intoleran tapi pacu jalur,negative,0.7898675799369812
1943846127151067400,Sat Jul 12 01:33:26 +0000 2025,81,Prajurit TNI dan Perancis Kompak Atraksi Pacu Jalur Dipimpin King Sparko Semangat dan tawa tiba-tiba mewarnai sesi latihan parade para tentara Prancis jelang peringatan Bastille Day di Champs-lyses Paris pada Jumat (11/7/2025) waktu setempat. Tak lain dan tak bukan tawa https://t.co/dcZB0i76Ph,1943846127151067400,https://pbs.twimg.com/amplify_video_thumb/1943845237773811712/img/uV0g1tuhqoyXgyjU.jpg,,in,,0,3,20,https://x.com/undefined/status/1943846127151067400,23343960,,prajurit tni dan perancis kompak atraksi pacu jalur dipimpin king sparko semangat dan tawa tibatiba mewarnai sesi latihan parade para tentara prancis jelang peringatan bastille day di champslyses paris pada jumat waktu setempat tak lain dan tak bukan tawa,neutral,0.9835002422332764
1944410599003402639,Sun Jul 13 14:56:31 +0000 2025,8,Kementerian Pendidikan dan Kebudayaan Indonesia telah menetapkan Pacu Jalur sebagai Warisan Budaya Takbenda Nasional dari Kuantan Singingi Riau pada tahun 2015 dengan SK Penetapan No SK : 186/M/2015 domain Tradisi dan Ekspresi Lisan. Kini Pacu Jalur sedang diusulkan ke UNESCO. https://t.co/RRLrZR4wfO,1944410617756164496,https://pbs.twimg.com/media/GvvvJu6aYAA20NJ.jpg,awanlarat_,in,,0,1,0,https://x.com/undefined/status/1944410617756164496,1324133456012435457,,kementerian pendidikan dan kebudayaan indonesia telah menetapkan pacu jalur sebagai warisan budaya takbenda nasional dari kuantan singingi riau pada tahun dengan sk penetapan no sk m domain tradisi dan ekspresi lisan kini pacu jalur sedang diusulkan ke unesco,neutral,0.998127281665802
1942077477456597301,Mon Jul 07 04:25:27 +0000 2025,6,Tradisi pacu jalur Kuantan Singingi Riau Menduniaaa. Kereeen https://t.co/2oQ1t2zWmu,1942077477456597301,https://pbs.twimg.com/amplify_video_thumb/1942077384225869824/img/Vb6ietb1PLk8vLeY.jpg,,in,,0,1,0,https://x.com/undefined/status/1942077477456597301,1112792189916966912,,tradisi pacu jalur kuantan singingi riau menduniaaa kereeen,positive,0.9992294311523438
1942219127017676986,Mon Jul 07 13:48:19 +0000 2025,207,Pacu jalur dulu guys.. Musim banjir.... https://t.co/Z6cQhqqP3I,1942219127017676986,https://pbs.twimg.com/ext_tw_video_thumb/1942218946972893184/pu/img/WGP-wgQh06I_c39r.jpg,,in,,2,5,38,https://x.com/undefined/status/1942219127017676986,1102960516832550912,,pacu jalur dulu guys musim banjir,neutral,0.719085693359375
1944379306127344053,Sun Jul 13 12:52:06 +0000 2025,17,Marquez gaya ala Pacu Jalur https://t.co/EgVWImXCZu,1944379306127344053,https://pbs.twimg.com/amplify_video_thumb/1944379230781071360/img/o9513cXi5rRYPwnw.jpg,,in,,0,0,3,https://x.com/undefined/status/1944379306127344053,1216043806618861569,,marquez gaya ala pacu jalur,neutral,0.9784627556800842
1943547150345879867,Fri Jul 11 05:45:24 +0000 2025,15,Kau pikir kau kuat ? Aku BUNDA Aura aku farming dari lahir jalurku slalu didepan. Pacu jalur bukan kaleng2 sayang MERTUA NGERI KALI segera di Bioskop https://t.co/KEDjzgdKqD,1943547150345879867,https://pbs.twimg.com/ext_tw_video_thumb/1943547081647394816/pu/img/kWDZAbCYTIVzisem.jpg,,in,,0,2,0,https://x.com/undefined/status/1943547150345879867,1386867084513083397,,kau pikir kau kuat aku bunda aura aku farming dari lahir jalurku slalu didepan pacu jalur bukan kaleng sayang mertua ngeri kali segera di bioskop,negative,0.511983335018158
1942786457984229542,Wed Jul 09 03:22:41 +0000 2025,174,Pacu jalur https://t.co/NhWQBy19ha,1942786457984229542,https://pbs.twimg.com/media/GvYp_MLXIAAzo0g.jpg,,in,,0,1,21,https://x.com/undefined/status/1942786457984229542,1070207959303503872,,pacu jalur,positive,0.9979154467582703
1943864327724769399,Sat Jul 12 02:45:45 +0000 2025,33,Usai latihan parade Bastille Day Kontingen Satgas Patriot II menampilkan Tari Pacu Jalur secara spontan bersama tentara Prancis di Champs-√âlys√©es Paris Jumat (11/7). Momen ini menjadi simbol harmonisasi budaya dan keakraban antar prajurit. https://t.co/SWNCBF08gb,1943864327724769399,https://pbs.twimg.com/media/Gvn-TWXbsAE5h9s.jpg,,in,,3,2,7,https://x.com/undefined/status/1943864327724769399,714719021816541184,,usai latihan parade bastille day kontingen satgas patriot ii menampilkan tari pacu jalur secara spontan bersama tentara prancis di champs√©lys√©es paris jumat momen ini menjadi simbol harmonisasi budaya dan keakraban antar prajurit,neutral,0.9926872253417969
1943672703786881310,Fri Jul 11 15:57:57 +0000 2025,2,@BenCryptoShow #MOG Pacu Jalur https://t.co/Fm64z1J4aD,1943701301994430637,https://pbs.twimg.com/media/Gvlp0MLXwAIAFuC.jpg,BenCryptoShow,in,,0,0,1,https://x.com/undefined/status/1943701301994430637,1485813384742584324,,pacu jalur,positive,0.9979154467582703
1942814664477573369,Wed Jul 09 05:14:46 +0000 2025,106,Bikin asik aja dulu... Banjir malah di bikin Pacu Jalur . Warga kreatif ga ade matinye https://t.co/xyZyBYpjWB,1942814664477573369,https://pbs.twimg.com/ext_tw_video_thumb/1942814625294098432/pu/img/E4UtK5-kTbTfP2V-.jpg,,in,,3,6,20,https://x.com/undefined/status/1942814664477573369,2395238000,,bikin asik aja dulu banjir malah di bikin pacu jalur warga kreatif ga ade matinye,positive,0.8857521414756775
1943974006635512058,Sat Jul 12 10:01:35 +0000 2025,23,Juventus mengumumkan kedatangan Jonathan David dengan mereplikasi klip dari pacu jalur. Aura farming @Info_SerieA @JCIndonesia @SerieA_Lawas https://t.co/N1CO2SPnXG,1943974006635512058,https://pbs.twimg.com/ext_tw_video_thumb/1943973360666652677/pu/img/J4OCb4C3n10bx37J.jpg,,in,,2,3,2,https://x.com/undefined/status/1943974006635512058,1339234809713868801,,juventus mengumumkan kedatangan jonathan david dengan mereplikasi klip dari pacu jalur aura farming,neutral,0.9987090826034546
899873933918441476,Tue Aug 22 06:00:39 +0000 2017,1,Festival Pacu Jalur 2017 #Riau 23-26/08/17 https://t.co/3mcDWoPoyL https://t.co/6cUsTLnzGz,899873933918441476,https://pbs.twimg.com/media/DFElvsdUIAAXwjh.jpg,,in,,0,0,1,https://x.com/undefined/status/899873933918441476,128175561,,festival pacu jalur,positive,0.9963969588279724
1944668482840514954,Mon Jul 14 08:03:30 +0000 2025,72,@ENHYPEN_members ANJIR SUNGHOON JADI PENARI PACU JALUR https://t.co/ssPaubbKp5,1944669065441931549,https://pbs.twimg.com/media/GvzaM5Da4AAVSRD.jpg,ENHYPEN_members,in,,0,0,2,https://x.com/undefined/status/1944669065441931549,1741691008319176704,,anjir sunghoon jadi penari pacu jalur,neutral,0.9982110261917114
1942371797888053753,Mon Jul 07 23:54:58 +0000 2025,1245,Keknya menteri pariwisata di ganti Ama bocil ini aja bocil ini tanpa Anggaran triliunan bisa mengenalkan pacu jalur dan budaya Indonesia. https://t.co/jQ2ltM8Nmr,1942371797888053753,https://pbs.twimg.com/ext_tw_video_thumb/1942371547165196288/pu/img/dvdholXvRfHDHnZa.jpg,,in,,7,18,321,https://x.com/undefined/status/1942371797888053753,1745296984746106880,,keknya menteri pariwisata di ganti ama bocil ini aja bocil ini tanpa anggaran triliunan bisa mengenalkan pacu jalur dan budaya indonesia,negative,0.994540274143219
1942178116660838628,Mon Jul 07 11:05:21 +0000 2025,148,Bocil Pacu Jalur https://t.co/O4mlOef7oY,1942178116660838628,https://pbs.twimg.com/amplify_video_thumb/1942178044220747776/img/UkqcQXR3dUBJHoLO.jpg,,in,,0,0,14,https://x.com/undefined/status/1942178116660838628,1493012581484986372,,bocil pacu jalur,negative,0.965573251247406
1944408293083849114,Sun Jul 13 14:47:17 +0000 2025,3,9999 aura farming pacu jalur,1944408293083849114,,,in,,0,0,1,https://x.com/undefined/status/1944408293083849114,1680802671165595648,,aura farming pacu jalur,positive,0.655311644077301
1944339974372946139,Sun Jul 13 10:15:48 +0000 2025,3,AURA BOAT... . pada demen pacu jalur https://t.co/7u5yvkN1pO,1944339974372946139,https://pbs.twimg.com/ext_tw_video_thumb/1944339951140638723/pu/img/4JHWb3hVP7-qsXl-.jpg,,in,,0,0,0,https://x.com/undefined/status/1944339974372946139,1406057947520593925,,aura boat pada demen pacu jalur,neutral,0.9965686798095703
1943358714901303570,Thu Jul 10 17:16:38 +0000 2025,74,Sampai ke Afrika cuy ... Keren ga tuh aura anak pacu jalur Riau https://t.co/lqPrP0m1Vt,1943358714901303570,https://pbs.twimg.com/ext_tw_video_thumb/1943358662526861313/pu/img/3DuYF7LSgnAc86mO.jpg,,in,,2,4,20,https://x.com/undefined/status/1943358714901303570,1604860300573802497,,sampai ke afrika cuy keren ga tuh aura anak pacu jalur riau,positive,0.9434181451797485
1942227284196512073,Mon Jul 07 14:20:44 +0000 2025,43,&gt;indonesian upload video pacu jalur di tiktok &gt;ada komen orang Malaysia claim &gt;check profil acc &gt;ternyata orang indo (oalah moment) Dah2 lah tu dah 2025 ni. Malas dah asyik nak gaduh dengan korang orang indo. Padahal kami sendiri tak pernah dengar pun pacu jalur ni sampai skrg,1942227284196512073,,,in,,1,1,13,https://x.com/undefined/status/1942227284196512073,1928170622653460480,,gtindonesian upload video pacu jalur di tiktok gtada komen orang malaysia claim gtcheck profil acc gtternyata orang indo oalah moment dah lah tu dah ni malas dah asyik nak gaduh dengan korang orang indo padahal kami sendiri tak pernah dengar pun pacu jalur ni sampai skrg,negative,0.9965124726295471
1944203831929393270,Sun Jul 13 01:14:49 +0000 2025,16,Bagi yang belum tahu bagaimana sejarahnya atau asal usul pacu jalur yang viral mendunia https://t.co/VWsqnkhhQR,1944203831929393270,https://pbs.twimg.com/amplify_video_thumb/1944203532199940096/img/Fu4sJ2yZET_U0pdu.jpg,,in,,0,0,1,https://x.com/undefined/status/1944203831929393270,3797534720,,bagi yang belum tahu bagaimana sejarahnya atau asal usul pacu jalur yang viral mendunia,neutral,0.5739255547523499
1944670265432297585,Mon Jul 14 08:08:16 +0000 2025,992,No one literaly no one Pacu Jalur Dika Ver Vs ENHYPEN 02Z #ENHYPEN @ENHYPEN_members https://t.co/NoXZJB03gY,1944670265432297585,https://pbs.twimg.com/amplify_video_thumb/1944670199602409472/img/OXy4pmBIM34OiQGL.jpg,,in,,155,3,423,https://x.com/undefined/status/1944670265432297585,1158690119294939136,,no one literaly no one pacu jalur dika ver vs enhypen z,neutral,0.9986743927001953
1944698426144235792,Mon Jul 14 10:16:17 +0000 2025,4,@PiejeMR @MotoGP @toprak_tr54 @marcmarquez93 From pacu jalur #AuraFarming https://t.co/A5CtVBsbEm,1944702481847685555,https://pbs.twimg.com/tweet_video_thumb/Gvz4mBDb0AAZnmW.jpg,PiejeMR,in,,0,0,0,https://x.com/undefined/status/1944702481847685555,1840799752923000832,,from pacu jalur,neutral,0.9962283372879028
1944609763569938729,Mon Jul 14 04:07:51 +0000 2025,6,Tarian Pacu Jalur asal Riau mengguncang dunia https://t.co/aBM98eYmwW,1944609763569938729,https://pbs.twimg.com/ext_tw_video_thumb/1944609714655969280/pu/img/f0ZwWuzsFaDUgRsZ.jpg,,in,,0,0,5,https://x.com/undefined/status/1944609763569938729,1500778796273733637,,tarian pacu jalur asal riau mengguncang dunia,neutral,0.9916512370109558
1943212740736356849,Thu Jul 10 07:36:35 +0000 2025,2,Misi mootz Adakah dari kalian sesuai kriteria di bawah? Kira-kira kalian mau nggak bantu temenku isi kuesioner dia? (memohon dengan gaya pacu jalur) Nanti form nya aku share ke dm https://t.co/dyAkpiLcmG,1943212740736356849,https://pbs.twimg.com/media/GvetsKUakAIyWLS.jpg,,in,,0,4,4,https://x.com/undefined/status/1943212740736356849,1464424966464679941,,misi mootz adakah dari kalian sesuai kriteria di bawah kirakira kalian mau nggak bantu temenku isi kuesioner dia memohon dengan gaya pacu jalur nanti form nya aku share ke dm,neutral,0.9860249161720276
1944410599003402639,Sun Jul 13 16:02:29 +0000 2025,2,@awanlarat_ Pacu Jalur üáÆüá© #PacuJalur #Indonesia #UNESCO #aurafarming #Marquez #MarcMarquez https://t.co/2OJDvr7pze,1944427217968116021,https://pbs.twimg.com/ext_tw_video_thumb/1944427176507387904/pu/img/NUWdarcCL70aAoYc.jpg,awanlarat_,in,,0,0,0,https://x.com/undefined/status/1944427217968116021,1175518892178821120,,pacu jalur,positive,0.9979154467582703
1944460961416704400,Sun Jul 13 18:16:34 +0000 2025,2,$POPU Aura Farming Pacu Jalur #aurafarming #POPU https://t.co/vxNIaKBzUf,1944460961416704400,https://pbs.twimg.com/media/Gvwc0TiaYAEE-WL.jpg,,in,,0,1,0,https://x.com/undefined/status/1944460961416704400,1334721137578668034,,popu aura farming pacu jalur,positive,0.9714739918708801
1944635752928997710,Mon Jul 14 05:51:07 +0000 2025,40,Mark Marques selebrasi kemenangan ala Pacu Jalur setelah memenangkan pacuan di Eropa Juli 2025. Pacu Jalur mendunia #GengSoloKuasaiPrabowo #GengSoloKuasaiPrabowo https://t.co/M9o92PIWty,1944635752928997710,https://pbs.twimg.com/ext_tw_video_thumb/1944635740627038208/pu/img/HTKPYGpQS55FdiZ6.jpg,,in,,0,0,24,https://x.com/undefined/status/1944635752928997710,1629530059265703938,,mark marques selebrasi kemenangan ala pacu jalur setelah memenangkan pacuan di eropa juli pacu jalur mendunia,neutral,0.993695080280304
1943805907441529108,Fri Jul 11 22:53:37 +0000 2025,9,Pacu jalur semakin mendunia kawan. https://t.co/e3yjIIoHMp,1943805907441529108,https://pbs.twimg.com/ext_tw_video_thumb/1943442808318156800/pu/img/GCUFqPtsbh6R_koO.jpg,,in,,0,0,1,https://x.com/undefined/status/1943805907441529108,1125374325723238400,,pacu jalur semakin mendunia kawan,positive,0.9896038770675659
1942558189846946122,Tue Jul 08 12:15:38 +0000 2025,29,The REAPER Really The GOAT In This Tarian Bocah di Atas Sampan Pacu Jalur Viral Pemprov Riau Ikut Senang Aksi bocah menari di bagian depan sampan yang sedang melaju di atas sungai dalam event pacu jalur viral di media sosial. Video-video viral ini tak hanya direspons https://t.co/gww3PkeHE0,1942558189846946122,https://pbs.twimg.com/ext_tw_video_thumb/1942557930701602816/pu/img/qIw7rGRq6hYijgNg.jpg,,in,,0,0,6,https://x.com/undefined/status/1942558189846946122,1282751327588585473,,the reaper really the goat in this tarian bocah di atas sampan pacu jalur viral pemprov riau ikut senang aksi bocah menari di bagian depan sampan yang sedang melaju di atas sungai dalam event pacu jalur viral di media sosial videovideo viral ini tak hanya direspons,positive,0.986449658870697
1550070063243284480,Thu Jul 21 10:47:56 +0000 2022,3,Guis mam eskrim sambil nonton pacu jalur. First time nonton dan seruu bangett https://t.co/Nnr8XDEcsy,1550070063243284480,https://pbs.twimg.com/media/FYL0gd6agAALyVk.jpg,,in,,1,1,0,https://x.com/undefined/status/1550070063243284480,619030243,,guis mam eskrim sambil nonton pacu jalur first time nonton dan seruu bangett,positive,0.9983434677124023
1942420106434470092,Tue Jul 08 03:06:56 +0000 2025,15,Kreatifitas tanpa batas dalam situasi banjir mereka tetap bahagia. Trending Pacu Jalur menjadi magnet bagi dunia. Teringat-nya ini banjir di Jakarta kah? Semoga banjir di Jakarta segera reda ya Mas @pramonoanung. Semangat melayani warga Jakarta warga Ibu Kota #pacujalur https://t.co/gkgX44mNlX,1942420106434470092,https://pbs.twimg.com/ext_tw_video_thumb/1942419819720237059/pu/img/PJXx_wo1ZQzwJvfi.jpg,,in,,1,2,2,https://x.com/undefined/status/1942420106434470092,1696076720053587968,,kreatifitas tanpa batas dalam situasi banjir mereka tetap bahagia trending pacu jalur menjadi magnet bagi dunia teringatnya ini banjir di jakarta kah semoga banjir di jakarta segera reda ya mas semangat melayani warga jakarta warga ibu kota,positive,0.9986299276351929
1944757094412104107,Mon Jul 14 13:53:17 +0000 2025,42,pacu jalur sampe juga ke Gemini https://t.co/7VBYe0CWOE,1944757094412104107,https://pbs.twimg.com/amplify_video_thumb/1944752846211047424/img/HLlFrG3G5Wc8R7Aj.jpg,,in,,0,3,12,https://x.com/undefined/status/1944757094412104107,1687766325714993152,,pacu jalur sampe juga ke gemini,positive,0.9877155423164368
1944325940613648715,Sun Jul 13 09:20:02 +0000 2025,13,Kode tarian pacu jalur. Kalau duduk : posisi kapal setara. Kalau menari : posisi lebih unggul. Kalau lompat : keadaan darurat mendekati garis finish dan harus mengurangi beban. Tangan kanan/kiri : dayung kanan/kiri dipercepat. Wak semua itu kode dari tarian pacu dayung ya.,1944325940613648715,,,in,,0,1,10,https://x.com/undefined/status/1944325940613648715,2556873745,,kode tarian pacu jalur kalau duduk posisi kapal setara kalau menari posisi lebih unggul kalau lompat keadaan darurat mendekati garis finish dan harus mengurangi beban tangan kanankiri dayung kanankiri dipercepat wak semua itu kode dari tarian pacu dayung ya,positive,0.902376651763916
1944724045142122712,Mon Jul 14 11:41:58 +0000 2025,181,Ini belum termasuk Jett Lawrence Stefano Manzi Adenanta Putra dan Lucas Coenen. Semua pembalap motor selebrasi aura farming pacu jalur kemarin ,1944724045142122712,,,in,,2,7,26,https://x.com/undefined/status/1944724045142122712,1285938375346675712,,ini belum termasuk jett lawrence stefano manzi adenanta putra dan lucas coenen semua pembalap motor selebrasi aura farming pacu jalur kemarin,neutral,0.9970205426216125
1941639414431744005,Sat Jul 05 23:24:44 +0000 2025,41,Pacu jalur yang lagi viral... Good morning warga Twitter https://t.co/wAWdUHdwjv,1941639414431744005,https://pbs.twimg.com/ext_tw_video_thumb/1941639363412230150/pu/img/o-biJ01tVBDQa4FT.jpg,,in,,0,3,7,https://x.com/undefined/status/1941639414431744005,1102960516832550912,,pacu jalur yang lagi viral good morning warga twitter,neutral,0.9533650875091553
1944436451674112199,Sun Jul 13 16:39:10 +0000 2025,128,Minggu pemprov kaltim tim prilly ready besok senin pak rizali sheila dara pacu jalur https://t.co/18iqMXCQ7q https://t.co/rv1oQRH4NS,1944436451674112199,https://pbs.twimg.com/media/GvwGpIxW0AAYG8T.jpg,,in,,0,30,77,https://x.com/undefined/status/1944436451674112199,1931603479082254336,,minggu pemprov kaltim tim prilly ready besok senin pak rizali sheila dara pacu jalur,neutral,0.9987598657608032
1941825496775565757,Sun Jul 06 11:44:10 +0000 2025,5,Hahahaha trnyata dunia sudah tau: Malaysia always jealous of Indonesia Eehhh tapi dia yg ngomong knapa gw yg deg2an Byk bgt yg mrk claim: batik reog Ponorogo bhkn lagu Nina Bobo Ntr tarian pacu jalur di claim jugakah? Jan lupa besok Senin guys... Pesona IndonesiaÔ∏è‚Äç https://t.co/TofB7xl2hd,1941825496775565757,https://pbs.twimg.com/ext_tw_video_thumb/1941825399811641344/pu/img/QPwLf6wJe1ssGR2G.jpg,,in,,0,0,5,https://x.com/undefined/status/1941825496775565757,1628964543635550208,,hahahaha trnyata dunia sudah tau malaysia always jealous of indonesia eehhh tapi dia yg ngomong knapa gw yg degan byk bgt yg mrk claim batik reog ponorogo bhkn lagu nina bobo ntr tarian pacu jalur di claim jugakah jan lupa besok senin guys pesona indonesia,positive,0.9303300976753235
1944014607108161587,Sat Jul 12 12:42:55 +0000 2025,5,*Pacu Jalur Sang Legenda Sungai* Di tepi Kuantan sungai mengalir jernih Pacu Jalur melaju gagah tak pernah lelah. Perahu panjang dihias budaya waris Mengayuh irama menyatu dalam gairah. Dayung serentak ritme mengguncang jiwa Sorak penonton menggema hingga https://t.co/jQn4a5XXGT,1944014607108161587,https://pbs.twimg.com/media/GvqG-dAbsAEIkwU.jpg,,in,,0,1,1,https://x.com/undefined/status/1944014607108161587,1363200876479832066,,pacu jalur sang legenda sungai di tepi kuantan sungai mengalir jernih pacu jalur melaju gagah tak pernah lelah perahu panjang dihias budaya waris mengayuh irama menyatu dalam gairah dayung serentak ritme mengguncang jiwa sorak penonton menggema hingga,positive,0.9993177652359009
1941821931881222174,Sun Jul 06 11:30:00 +0000 2025,4,Festival dayung tradisional Indonesia pacu jalur go international. Ajang khas Riau yang digelar di Kuantan Sengingi ini mencuri perhatian masyarakat dunia karena keunikannya. #BolacomID #blcmlmd #pacujalur #PSG #ACMilan #F1 #NHL https://t.co/zbVDeRaOvE,1941821931881222174,https://pbs.twimg.com/amplify_video_thumb/1941798820033310720/img/DSuMeRIgDLnoI7tl.jpg,,in,,0,0,1,https://x.com/undefined/status/1941821931881222174,1486284086,,festival dayung tradisional indonesia pacu jalur go international ajang khas riau yang digelar di kuantan sengingi ini mencuri perhatian masyarakat dunia karena keunikannya,positive,0.6445745825767517
1943935540078030865,Sat Jul 12 07:28:43 +0000 2025,164,Usai gladi upacara Bastille Day 2025 di Paris prajurit TNI lepas penat dengan joget pacu jalur bareng tentara Prancis. Bukan cuma langkah tegap tapi juga luwes di irama yang viral Solid di barisan kompak di hiburan! #TNIPrima #BastilleDay2025 https://t.co/05SDXk4fci,1943935540078030865,https://pbs.twimg.com/ext_tw_video_thumb/1943935423379910656/pu/img/p_eW4Knp2k8AHvUz.jpg,,in,,7,16,42,https://x.com/undefined/status/1943935540078030865,594386753,,usai gladi upacara bastille day di paris prajurit tni lepas penat dengan joget pacu jalur bareng tentara prancis bukan cuma langkah tegap tapi juga luwes di irama yang viral solid di barisan kompak di hiburan,positive,0.9749850034713745
1943638736425582617,Fri Jul 11 11:49:20 +0000 2025,297,Melly Mike Akan ke Riau Tanpa Dibayar Lagunya Viral Berkat Bocah Pacu Jalur https://t.co/Mj1gUDDhBl,1943638736425582617,https://pbs.twimg.com/amplify_video_thumb/1943638331553705984/img/cJ_cgg4f7BiSC8zE.jpg,,in,,2,5,55,https://x.com/undefined/status/1943638736425582617,23343960,,melly mike akan ke riau tanpa dibayar lagunya viral berkat bocah pacu jalur,neutral,0.99128657579422
1942210976851579205,Mon Jul 07 13:15:56 +0000 2025,48,Pacu jalur makin populer jauh lebih populer dari Korea. Simak aja ini siapa saja mereka? https://t.co/Z63fHdmFEK,1942210976851579205,https://pbs.twimg.com/amplify_video_thumb/1942209630190313472/img/6kJk4oeo6qRgEc7u.jpg,,in,,0,8,12,https://x.com/undefined/status/1942210976851579205,3797534720,,pacu jalur makin populer jauh lebih populer dari korea simak aja ini siapa saja mereka,neutral,0.5130038857460022
1944016164792983873,Sat Jul 12 12:49:06 +0000 2025,84,Tiba PACU JALUR #Ïú†Ïö∞Ïãú #„É¶„Ç¶„Ç∑ #ÂæóËÉΩÂãáÂøó #YUSHI #NCTWISH https://t.co/zqBDrL0vyc,1944016164792983873,https://pbs.twimg.com/ext_tw_video_thumb/1944016131666116608/pu/img/ejWQAx6GWOxdbs1-.jpg,,in,,3,0,18,https://x.com/undefined/status/1944016164792983873,1853606339349766144,,tiba pacu jalur,neutral,0.9934645295143127
1943442837586219069,Thu Jul 10 22:50:54 +0000 2025,80,Melly Mike pecinta lagu Black Young and Rich yang sedang viral akan berkunjung ke Kuansing Provinsi Riau untuk menyaksikan langsung dan memeriahkan Festival Pacu Jalur pada tanggal 20-24 Agustus. Tidak hanya itu ia juga akan menyanyikan lagu Black Young and Rich secara https://t.co/X5lWYVOPEp,1943442837586219069,https://pbs.twimg.com/ext_tw_video_thumb/1943442808318156800/pu/img/GCUFqPtsbh6R_koO.jpg,,in,,1,0,16,https://x.com/undefined/status/1943442837586219069,1282751327588585473,,melly mike pecinta lagu black young and rich yang sedang viral akan berkunjung ke kuansing provinsi riau untuk menyaksikan langsung dan memeriahkan festival pacu jalur pada tanggal agustus tidak hanya itu ia juga akan menyanyikan lagu black young and rich secara,neutral,0.9545049071311951
1941754940957077698,Sun Jul 06 07:03:48 +0000 2025,27,AURA FARMING : JOGET SANTUY BOCAH MELAYU PACU JALUR VIRAL MENDUNIA Tradisi Pacu Jalur di Kuantan Singingi (Kuansing) Riau mendadak mendunia karena video viral seorang bocah yang menari di ujung sampan panjang saat lomba berlangsung. Rayyan Arkan Dikha (11) anak Pacu Jalur https://t.co/ckVSXT8lDX,1941754940957077698,https://pbs.twimg.com/ext_tw_video_thumb/1941754867493539840/pu/img/3ckqoijZIGiFRfQS.jpg,,in,,0,2,7,https://x.com/undefined/status/1941754940957077698,1604860300573802497,,aura farming joget santuy bocah melayu pacu jalur viral mendunia tradisi pacu jalur di kuantan singingi kuansing riau mendadak mendunia karena video viral seorang bocah yang menari di ujung sampan panjang saat lomba berlangsung rayyan arkan dikha anak pacu jalur,neutral,0.9279852509498596
1943484604456788356,Fri Jul 11 01:36:52 +0000 2025,45,Kasus parkir lagi‚ÅâÔ∏è Astaghfirullah Parkir d depan rumah temen Krn lagi bertamu kena parkir? Ini seriusan? Btw itu bukannya Livy Renata yaakk....kayak mirip? Definisi Dika membawa harum nama Indonesia lewat aura farming pacu jalur jangan smpai kang parkir bikin nama buruk yaa.... https://t.co/Cruc8WJxFe,1943484604456788356,https://pbs.twimg.com/ext_tw_video_thumb/1943484544478330880/pu/img/jBeJZ-Q6ZmxLZH_t.jpg,,in,,1,21,22,https://x.com/undefined/status/1943484604456788356,1428002673815482369,,kasus parkir lagi astaghfirullah parkir d depan rumah temen krn lagi bertamu kena parkir ini seriusan btw itu bukannya livy renata yaakkkayak mirip definisi dika membawa harum nama indonesia lewat aura farming pacu jalur jangan smpai kang parkir bikin nama buruk yaa,positive,0.643355667591095
1943860132716458277,Sat Jul 12 02:29:05 +0000 2025,23,Di tengah hiruk pikuk perlombaan Pacu Jalur tarian santai anak penari mendadak menjadi sorotan dunia. Sebenarnya apa sih yang bikin fenomena ini viral? Biar nggak cuma ikut tren yuk kita kulik! Melly Mike - Young Black &amp; Rich #aurafarming #pacujalur #tarian #budaya #BRIN https://t.co/0g4hGCNutn,1943860132716458277,https://pbs.twimg.com/ext_tw_video_thumb/1943859877451022336/pu/img/NBKpiSO-5mPNeG0w.jpg,,in,,1,5,6,https://x.com/undefined/status/1943860132716458277,90363665,,di tengah hiruk pikuk perlombaan pacu jalur tarian santai anak penari mendadak menjadi sorotan dunia sebenarnya apa sih yang bikin fenomena ini viral biar nggak cuma ikut tren yuk kita kulik melly mike young black amp rich,neutral,0.9907783269882202
1944409243001500075,Sun Jul 13 14:51:03 +0000 2025,6,Sengaja lebihin gap 7.4 detik buat selebrasi pacu jalur,1944409243001500075,,,in,,0,1,0,https://x.com/undefined/status/1944409243001500075,1689894997154533377,,sengaja lebihin gap detik buat selebrasi pacu jalur,neutral,0.9813807606697083
1462971147062951940,Tue Nov 23 02:27:56 +0000 2021,38,7 Macam Olahraga Asli Indonesia Indonesia memiliki tiga olahraga asli Indonesia yang unjuk muka di Pekan Olahraga Nasional atau PON XX Papua 2021 lalu. Olahraga tersebut adalah Pacu Jalur Tarung Derajat dan Pencak Silat. #GNFIvideo https://t.co/TS7bsi8nGk,1462971147062951940,https://pbs.twimg.com/ext_tw_video_thumb/1462970947414102026/pu/img/vk7Ye1-LL9TzOI1I.jpg,,in,,1,0,15,https://x.com/undefined/status/1462971147062951940,39677695,,macam olahraga asli indonesia indonesia memiliki tiga olahraga asli indonesia yang unjuk muka di pekan olahraga nasional atau pon xx papua lalu olahraga tersebut adalah pacu jalur tarung derajat dan pencak silat,neutral,0.9974641799926758
